Stress,Ref
7.256797823111370782e+00,7.363104692414970120e-01
4.568119238538864479e+00,2.097121299432263830e-01
2.223614665665282875e+00,1.332649598336179131e-01
6.008721470830070688e-01,9.063284956988654217e-02
1.450569912550150609e-01,7.424632931809813097e-02
5.440338595441022301e-02,5.785612218108313054e-02
6.095869650807041185e-02,5.024639149505319424e-02
8.865306903999743693e-02,4.204257614814019273e-02
1.409072763500089087e-01,3.801741769412490118e-02
1.204067800936903937e-01,3.338068870801228633e-02
1.499485667739552386e-01,3.041722149625276927e-02
1.363242910774708494e-01,2.757649629924592213e-02
1.387556370553653939e-01,2.549144302344045349e-02
1.290148138159965263e-01,2.348185126175176413e-02
1.220268005706427045e-01,2.200205575786497170e-02
1.145320855632947499e-01,2.043952419692556671e-02
1.071681445156864587e-01,1.929415945250258224e-02
9.290672234896446557e-02,1.808496508098816208e-02
9.132680283413040223e-02,1.721101907992271182e-02
8.375435867261031564e-02,1.628147165177751959e-02
7.732621610530168721e-02,1.548116956139054465e-02
7.238280678369519994e-02,1.474610222730641379e-02
6.545301646008502838e-02,1.410994133734329477e-02
6.378586738495387043e-02,1.350414106439315823e-02
5.671377393231555319e-02,1.295688317004670999e-02
5.446069457603946312e-02,1.242382008092080166e-02
4.975156416325687836e-02,1.196255641239950956e-02
4.720996828724514927e-02,1.151616333127044797e-02
4.360443763186837990e-02,1.112021670553099001e-02
4.205281515408571674e-02,1.073776504152853910e-02
3.807421733432282684e-02,1.038249321370854870e-02
3.752410400400570806e-02,1.005513166677134140e-02
3.368244401202272892e-02,9.736119992572069351e-03
3.286771903334091693e-02,9.441578391137519025e-03
3.037308816457054764e-02,9.178227431710527309e-03
2.941052880269322267e-02,8.908597430476129439e-03
2.725104490048181616e-02,8.671438010984989023e-03
2.647923916974668709e-02,8.436752361058954056e-03
2.456287284201158841e-02,8.217636422515878572e-03
2.430420455836524926e-02,8.013714002448739035e-03
1.015323049719409809e+01,9.817472923219974223e-01
3.716895248731079793e+00,1.840776173103743918e-01
2.410590482794865430e+00,1.442938480665246770e-01
9.818700107335369687e-01,9.611048434672324337e-02
6.670936035804503339e-01,7.424632931809811709e-02
7.024406785300344458e-01,5.949938682938072515e-02
5.901652531878275321e-01,5.019038623693510004e-02
5.896647724431628435e-01,4.422504519998068234e-02
5.110470803972770870e-01,3.900019533814653994e-02
4.654038325447364399e-01,3.530334123802326279e-02
4.078778456900196692e-01,3.176333953535358245e-02
3.540645281081895024e-01,2.869477781399866478e-02
3.134821369727083806e-01,2.665679313206778880e-02
2.760684605978509509e-01,2.456823282457981303e-02
2.389847144255394240e-01,2.264952677323540248e-02
2.140262438864836692e-01,2.122361597651007889e-02
1.900155194585256002e-01,1.990622356733081147e-02
1.663924474219409255e-01,1.867324574378359872e-02
1.511443705643427948e-01,1.765897962020348405e-02
1.353228970959137467e-01,1.676168612154512946e-02
1.227885830967150732e-01,1.594001819762846245e-02
1.105662895597868400e-01,1.511796258619352296e-02
1.007410059831631427e-01,1.445254506539583872e-02
9.178538621038116740e-02,1.381291568975292344e-02
8.412750445596704763e-02,1.323382032688940474e-02
7.731532067385149531e-02,1.272438077252571915e-02
7.127503522763108113e-02,1.222375838390228966e-02
6.547127248452092041e-02,1.175107387821003845e-02
6.082078575197259751e-02,1.134464155507538229e-02
5.650567228169497275e-02,1.093924494694571356e-02
5.252024512355231434e-02,1.057949484011354128e-02
4.902269285955199868e-02,1.024508367835112559e-02
4.581307858414398332e-02,9.918452686548067873e-03
4.300432800456048532e-02,9.618242434406322483e-03
4.025622432255541311e-02,9.327367345407582347e-03
3.781765771866925363e-02,9.061162149058598139e-03
3.553744079465574052e-02,8.799187269749332227e-03
3.357384503549908777e-02,8.558964945709072319e-03
3.174130009482018649e-02,8.342536258388483575e-03
3.003501280249243691e-02,8.132637873200286235e-03
6.846631985606684623e+00,6.135920577012482502e-01
4.510711565620334262e+00,2.556633573755197619e-01
2.216089981731005132e+00,1.563523465549845060e-01
1.365024380486380640e+00,1.049383101151498826e-01
1.311608246621610352e+00,8.068989109208477006e-02
1.194600740893071888e+00,6.783169148553552796e-02
1.065094131199804117e+00,5.661062958802794143e-02
8.855500826357596278e-01,4.863696977835418184e-02
7.156620165778283527e-01,4.202894875851879986e-02
5.815577662711922668e-01,3.717539576534862472e-02
4.871446263332069870e-01,3.398212469206417230e-02
3.964986880114562684e-01,3.057482029441643129e-02
3.277870131445834168e-01,2.774797622657058926e-02
2.729178932871764163e-01,2.552024687424173099e-02
2.325670600659386356e-01,2.375357940194820078e-02
1.969384741148826334e-01,2.218824643763128365e-02
1.694651115869473812e-01,2.059485088635836653e-02
1.466694794202415275e-01,1.934104185699823605e-02
1.284412374003351398e-01,1.824875811559871150e-02
1.138167486609446416e-01,1.726708363975360677e-02
9.830989865377483261e-02,1.639110077480991287e-02
8.946917102042240000e-02,1.558668176639727183e-02
7.918938771913840158e-02,1.488558857650892908e-02
6.956426547736803412e-02,1.421476204636771407e-02
6.384885407162664561e-02,1.360305307281392193e-02
5.648652775377642488e-02,1.302875443953712374e-02
5.226595272064624847e-02,1.250002619482626018e-02
4.695040982930685086e-02,1.204331185254344135e-02
4.286346797155460991e-02,1.159181154329295277e-02
4.014268747569219725e-02,1.117705368843619450e-02
3.621809648713373436e-02,1.078796777729341960e-02
3.360705795545974178e-02,1.043584982320156819e-02
3.132069799815966754e-02,1.011813869613717443e-02
2.937931771752400403e-02,9.790419065119414926e-03
2.733612363394273895e-02,9.492474857781613845e-03
2.532021804934932174e-02,9.211651237141975715e-03
2.398057730610437047e-02,8.956480038018970954e-03
2.220051633469168062e-02,8.710154568771595260e-03
2.094117004881542593e-02,8.466416205045809371e-03
1.956935417705453137e-02,8.243415332233942211e-03
1.015323049719410520e+01,9.817472923219980885e-01
4.254254629183524372e+00,3.272490974406655484e-01
1.909412580678205407e+00,1.663516245323383158e-01
1.967347942766357383e+00,1.292926121584772603e-01
2.034481049799451213e+00,9.731927909068083249e-02
1.691157885753871604e+00,7.617720825505035209e-02
1.276225898894309374e+00,6.119937179628837098e-02
9.258858713888754588e-01,5.184423099246850131e-02
6.462735523983875741e-01,4.540616557185721269e-02
4.803641641151031316e-01,4.016340388463341543e-02
3.485654937746327509e-01,3.590206288375442228e-02
2.496251042916387830e-01,3.222652723813673736e-02
1.844301967466072389e-01,2.948774537397962428e-02
1.423779045752378569e-01,2.667431601586898321e-02
9.813911634917062143e-02,2.472922410090445944e-02
8.127484847656143985e-02,2.289498877364956608e-02
6.195350649353192907e-02,2.139406927766974303e-02
4.858370507499428642e-02,2.009371445245883986e-02
4.055438285210343635e-02,1.887651976934420078e-02
2.943115854117103400e-02,1.784278508791063353e-02
2.539933334702283718e-02,1.685393948344734646e-02
1.985703316007508476e-02,1.604504358367657424e-02
1.745651330805991427e-02,1.524840060176096967e-02
1.234673122491419632e-02,1.455872425641531638e-02
8.748166862386740072e-03,1.391842222088117594e-02
7.725279061171696007e-03,1.334328444899291616e-02
5.279953709396216673e-03,1.281038845262530944e-02
6.532162729002304047e-03,1.227687280548876540e-02
3.403268948012227405e-03,1.181551618588064061e-02
3.456280104106435654e-03,1.138851557663226634e-02
1.838424332015167273e-03,1.100518646510498764e-02
1.999591420000724085e-03,1.063879370080117633e-02
1.823330553469100371e-03,1.028516368452166325e-02
8.628410941917840802e-04,9.961537892184891413e-03
8.599917069987532154e-04,9.664021857460942597e-03
8.427215603701523504e-04,9.362242534016001344e-03
-6.739347868685839106e-05,9.100177463763629154e-03
2.345588640787418799e-04,8.841237044025101327e-03
-1.574107180933330863e-04,8.601896063438375581e-03
-1.362225468043342042e-04,8.373825353450121273e-03
1.015323049719406789e+01,9.817472923219945358e-01
nan,nan
2.361887635868257895e+00,2.515727436575114773e-01
2.638129234613590945e+00,1.641699638827337770e-01
2.886200821989857168e+00,1.169989561607717582e-01
2.167360300378408766e+00,8.560735044674519512e-02
1.424995395585161972e+00,7.084685923161092302e-02
7.449305610921170828e-01,5.841371333072744448e-02
3.698366872332696231e-01,5.002994853525742636e-02
1.373920510846514120e-01,4.295959634940796357e-02
5.829255447800826828e-02,3.785164043224928387e-02
-3.422467763142770375e-02,3.426274937714099411e-02
-5.033851229041031577e-02,3.079843470671285444e-02
-7.884642346782885780e-02,2.819784371312762661e-02
-7.667682368859821129e-02,2.574403442978871401e-02
-7.994921731538867649e-02,2.394823831520586158e-02
-7.391511090124268379e-02,2.224168719917192158e-02
-7.569075274344126691e-02,2.081893802879611344e-02
-6.838599656509998514e-02,1.948522112353098454e-02
-6.560966334728061955e-02,1.840382863289933418e-02
-6.105042754674106648e-02,1.734915814447604565e-02
-5.589039281242708102e-02,1.642252915760982271e-02
-5.333493696099579628e-02,1.562979904270741030e-02
-4.822766593822787329e-02,1.488474303833453929e-02
-4.668321118850139728e-02,1.425032070196737173e-02
-4.270446899649929517e-02,1.361887022792888750e-02
-4.076039752175817515e-02,1.307024958213480470e-02
-3.632772186681609838e-02,1.255011718781812169e-02
-3.584732140485170221e-02,1.208926654374205094e-02
-3.274171325799989096e-02,1.162424800450505627e-02
-3.118405262365524580e-02,1.121460189522271306e-02
-2.922978057307531324e-02,1.081207844504016025e-02
-2.672999314973494023e-02,1.045280048948963973e-02
-2.608637346534819351e-02,1.012788023535587771e-02
-2.397626941173565049e-02,9.806748674357115836e-03
-2.333190599452739447e-02,9.515426766177337292e-03
-2.136166276349628704e-02,9.234127343430530502e-03
-2.100168124883224074e-02,8.981313295589987700e-03
-1.912308987260805115e-02,8.730407140558152715e-03
-1.895162247457871443e-02,8.497043193200161729e-03
7.891039298861130646e+00,9.817472923219967562e-01
4.352183921592645888e+00,5.317797833410817798e-01
1.760211535927570514e+00,3.388391696416891974e-01
3.743768126490163439e+00,1.878807664508197750e-01
4.981803003841049460e+00,1.432215407639972904e-01
2.968111680140632203e+00,1.000920255013549170e-01
1.149975300845898385e+00,7.901909121576403128e-02
1.079949837727479378e-01,6.290595722106702425e-02
-2.577933399384868540e-01,5.394524228046868042e-02
-3.218118492242015849e-01,4.599686618635205615e-02
-3.539717529890653580e-01,4.029580520445719127e-02
-3.167262139149051303e-01,3.577418982093170247e-02
-2.998900502411967484e-01,3.232880517526372233e-02
-2.574315169739018749e-01,2.941963017231273916e-02
-2.282977733753296379e-01,2.677176793337679439e-02
-2.036365268290239172e-01,2.474321268601297613e-02
-1.804144727258979730e-01,2.292529724877786709e-02
-1.620204265820326117e-01,2.143536474047807658e-02
-1.432246433824160281e-01,2.007283858997373563e-02
-1.289198094945688822e-01,1.888464478654042211e-02
-1.150425968586644282e-01,1.776141566015989812e-02
-1.047935811197783090e-01,1.683078543645550110e-02
-9.439903713813151132e-02,1.599848568375467420e-02
-8.611000998192851197e-02,1.522008833009606127e-02
-7.839024145653264442e-02,1.452545668702490134e-02
-7.223307506184838134e-02,1.389467022885875792e-02
-6.609728916231308316e-02,1.332253407462824848e-02
-6.116439501174354698e-02,1.279347032581442355e-02
-5.627179605170235660e-02,1.228590028273798818e-02
-5.197568715479192886e-02,1.180726597424085027e-02
-4.858646923024032005e-02,1.139314920923963255e-02
-4.486169877486478191e-02,1.098122286408687032e-02
-4.208408518127981779e-02,1.061615936967046439e-02
-3.910843324443539354e-02,1.026393393895250541e-02
-3.690639370270305114e-02,9.950431940801758579e-03
-3.441570083812369590e-02,9.644263904103897792e-03
-3.251409533008008806e-02,9.361587285757685950e-03
-3.046567885829268643e-02,9.087566593261093076e-03
-2.894208637545598456e-02,8.846499887654596384e-03
-2.717461987559204387e-02,8.598500352048822626e-03
1.015323049719410520e+01,9.817472923219980885e-01
2.939351393212057850e+00,7.363104692414974561e-01
1.966022583921721134e+00,4.170821830126126839e-01
6.955041430361334598e+00,2.609031597343884901e-01
8.225508329514077843e+00,1.624182406659810673e-01
4.559365979680521264e+00,1.156743169772694313e-01
2.285911615411591324e-02,8.191060709422080810e-02
-7.808008021612988792e-01,6.663712445372597937e-02
-7.339362224980490179e-01,5.570495076590822187e-02
-6.448678879887782545e-01,4.840214871153217940e-02
-5.318806950627650298e-01,4.233574223064837799e-02
-4.359793935729077696e-01,3.729057564486908810e-02
-3.655715400639353851e-01,3.362423213162332031e-02
-2.980892978014564321e-01,3.014041575762181277e-02
-2.558313530371845168e-01,2.754001701729624080e-02
-2.165077062972494137e-01,2.536201206239323963e-02
-1.873494079717123451e-01,2.351534235203054518e-02
-1.631971613990750580e-01,2.194937125707841635e-02
-1.414088346792013728e-01,2.053023641659491513e-02
-1.259157317607285109e-01,1.928067800431183809e-02
-1.104192544365625445e-01,1.815361826283786242e-02
-9.908757259080999691e-02,1.720936473097390076e-02
-8.782425956805740841e-02,1.631149990056325952e-02
-8.002984149490056931e-02,1.550530669244521050e-02
-7.286978780184200088e-02,1.476944726356562397e-02
-6.592287033032470656e-02,1.413061577986128581e-02
-6.051852423585608182e-02,1.352540566058012608e-02
-5.417948783581447852e-02,1.295679786952699288e-02
-5.038292217105203030e-02,1.242494734146524366e-02
-4.619687092876221396e-02,1.196199539600927529e-02
-4.298529304948112834e-02,1.153052513210215888e-02
-3.966105417529616067e-02,1.113568499668004738e-02
-3.658020309859293800e-02,1.075191344221117229e-02
-3.430879912320931868e-02,1.039369155900010666e-02
-3.188406053239491861e-02,1.007299952543970478e-02
-2.959446091315489843e-02,9.748583324405476341e-03
-2.806076321214365232e-02,9.458277549334072332e-03
-2.609627585029122149e-02,9.183590844024942107e-03
-2.466781669105649194e-02,8.923568643921729951e-03
-2.314669174485188205e-02,8.679817912366518534e-03
6.535369006575980855e+00,9.817472923219949799e-01
2.097615990984562195e+00,1.840776173103743085e+00
1.711723037159786465e+00,8.999350179618301748e-01
1.483295476792411627e+01,3.349918949961366854e-01
1.483275350972919071e+01,1.767464443917615702e-01
8.349903074555966143e+00,1.283896830862230332e-01
-4.555268166482372982e-01,9.217496361905132274e-02
-6.940620263885187713e-01,7.301475644200851323e-02
-5.616168834247828867e-01,5.907541509614493841e-02
-4.394728554097472872e-01,4.982289286837593423e-02
-3.426195457611721507e-01,4.420948485620949248e-02
-2.571966175717587122e-01,3.872349129677951640e-02
-2.009641820650275579e-01,3.435506328969376716e-02
-1.652134223833807425e-01,3.097229980588799003e-02
-1.373174431152613950e-01,2.839274835326012492e-02
-1.185424970725022092e-01,2.613597152511778349e-02
-9.217182097583646871e-02,2.403411948610555127e-02
-8.065917366544025913e-02,2.232609187130872586e-02
-6.787210367200978423e-02,2.089629447503100340e-02
-5.827150280192451570e-02,1.962736631532307000e-02
-5.370061723203493897e-02,1.846950424656974843e-02
-4.477277965230853918e-02,1.748382655408786679e-02
-4.114386765879293750e-02,1.658946322516013927e-02
-3.790385799080767809e-02,1.574419554321383752e-02
-3.270223714119804143e-02,1.501228701380051545e-02
-3.056894523900829941e-02,1.430207904922336376e-02
-2.667421553055582609e-02,1.367973577372734971e-02
-2.516680276863831472e-02,1.312326580067054056e-02
-2.295829245903400692e-02,1.258884575519897929e-02
-2.012931854513797664e-02,1.211152025505707851e-02
-1.916424986830041546e-02,1.164774219436198049e-02
-1.763165736248578294e-02,1.123888198113246438e-02
-1.616270202295549616e-02,1.087246851618884312e-02
-1.450971970791265289e-02,1.050026988522726086e-02
-1.352420795702309261e-02,1.015800394513261158e-02
-1.271890838047990378e-02,9.835401397011079086e-03
-1.164288838366384950e-02,9.547800805564740298e-03
-1.108212361555207734e-02,9.265750659627772223e-03
-1.023382192573716112e-02,8.992267783737536643e-03
-9.725772754448096594e-03,8.739751108381800526e-03
1.015323049719408033e+01,9.817472923219957570e-01
8.631325844636530409e-01,2.945241876965990269e+00
3.449679998215903876e+00,2.658898916705407345e+00
3.048504511540646789e+01,4.361223548584252097e-01
3.158874996511717725e+01,2.168081630180770103e-01
9.367513595466490983e+00,1.285620697734073392e-01
2.477641321742356961e+00,9.557786005427235110e-02
6.081356465001356293e-01,7.499299978808665612e-02
3.428868685363905544e-01,6.179799384379547345e-02
1.938039349975021475e-01,5.269071662744620466e-02
1.295143474344269963e-01,4.516881930779109711e-02
1.022419969252218730e-01,3.931560029660145783e-02
8.478677435175047128e-02,3.552713016929581746e-02
6.502861810981461210e-02,3.188135257895502450e-02
5.646959341852008513e-02,2.877317074555019866e-02
4.202283201909227245e-02,2.643367087946294977e-02
4.409296775799290830e-02,2.448938324450061071e-02
4.229786529791026983e-02,2.269613539090550858e-02
3.170565048084390131e-02,2.115521545637680939e-02
3.287432269983141947e-02,1.992263044814449394e-02
2.547257024578403889e-02,1.873051927045119372e-02
2.600147118024625711e-02,1.764369498333815192e-02
2.189304475923883886e-02,1.672489385157969674e-02
1.798120770498168319e-02,1.585514033931439970e-02
1.873391587345112075e-02,1.512106720625790678e-02
1.731247593377183841e-02,1.445959646438986154e-02
1.474069664237798172e-02,1.380459877828857200e-02
1.391854477698176856e-02,1.321023557765350215e-02
1.255893900724416520e-02,1.269377814067591120e-02
1.224669395103228885e-02,1.219603597753218110e-02
1.098609391881325004e-02,1.174573203937629914e-02
9.680481708740501512e-03,1.132782993726097476e-02
1.001389714607191748e-02,1.094151480594056543e-02
9.133935606259961648e-03,1.057424043578349994e-02
8.776889447813043116e-03,1.022684818398193751e-02
7.906879791422738446e-03,9.903600682488957960e-03
7.410154366894816137e-03,9.591679525200026354e-03
7.223476092825846344e-03,9.309782842767386213e-03
6.833116359521214205e-03,9.053934163656726652e-03
6.209461792767607957e-03,8.803838674376361639e-03
1.015323049719408921e+01,9.817472923219965342e-01
nan,nan
8.764548952204625820e+00,9.817472923219965342e-01
4.273342250914490847e+01,5.457359948495800195e-01
5.400852018095769580e+01,2.517845030786725613e-01
1.354519193584889081e+01,1.459253421410902363e-01
4.659518275208559324e+00,1.050082235717419571e-01
1.883408549272825860e+00,7.839318104902510964e-02
1.124989894589464523e+00,6.452023411888134496e-02
7.660169151230445950e-01,5.388774211179781642e-02
5.343687550756468507e-01,4.586928387834785653e-02
4.110666724576736986e-01,4.039706957153958028e-02
3.229703154916285790e-01,3.574868015933427984e-02
2.572667306908852924e-01,3.223059440281402649e-02
2.174703770124979396e-01,2.935261546728046983e-02
1.754836551314379600e-01,2.677768936268519126e-02
1.523409098470767387e-01,2.474834408103696384e-02
1.327866799905206840e-01,2.295982313523399140e-02
1.137680767304459079e-01,2.144889923544274560e-02
9.837628195131344067e-02,2.010423191446497268e-02
8.770036250195557825e-02,1.884481602822321578e-02
7.614306393345825208e-02,1.780887643068865614e-02
7.042793631545590793e-02,1.687206365072775952e-02
6.019447550872333852e-02,1.601683018550535686e-02
5.693078524429414505e-02,1.525408052134314893e-02
4.979170518601495898e-02,1.453027406120858955e-02
4.653740575518563322e-02,1.389315101768498137e-02
4.162301723416415161e-02,1.330913284634366138e-02
3.891588834547792669e-02,1.277163596571121752e-02
3.478223646241972167e-02,1.227448959998139050e-02
3.323029319295114914e-02,1.181350403299448980e-02
2.948960981146124538e-02,1.138654141679085706e-02
2.859830457532334599e-02,1.098645601181419060e-02
2.570658283793528578e-02,1.061162141999020224e-02
2.460004196573389174e-02,1.027872664074297622e-02
2.243561021752848647e-02,9.943496234544876161e-03
2.146769468530165120e-02,9.647370502599606629e-03
1.973590474963391947e-02,9.359487858443267527e-03
1.890335058672505328e-02,9.089211159374773613e-03
1.737438504986029211e-02,8.831477332009365216e-03
6.931021346609189671e+00,9.817472923219964231e-01
2.268093953928046247e+00,2.945241876965989380e+00
5.007451151852956528e+00,3.006601082736112929e+00
4.054865435665271178e+01,5.711419143628966300e-01
5.090556060148014694e+01,2.557567147992084178e-01
1.219996907099955585e+01,1.476271484661534072e-01
4.628171629579879820e+00,1.057537150158011363e-01
2.121899510260146560e+00,7.917670860490653995e-02
1.311699467307523292e+00,6.481688050100539722e-02
8.899674195151597855e-01,5.407112040858381291e-02
6.323750923347758457e-01,4.610358571420561380e-02
4.826086102311264447e-01,4.050629362534610700e-02
3.773269019032382543e-01,3.587359742067279533e-02
3.010386945732129726e-01,3.230289661768840498e-02
2.503940196792885930e-01,2.940848836051671022e-02
2.038969563357542480e-01,2.682902130305233820e-02
1.745067593069856982e-01,2.478955522221664570e-02
1.501859827216574239e-01,2.299320371912180402e-02
1.289065482678141139e-01,2.147313255867468185e-02
1.115434997358721730e-01,2.012046472442549985e-02
9.834682953254371418e-02,1.886829901212880994e-02
8.585347260327931551e-02,1.782398699775239459e-02
7.800458951327707280e-02,1.688663125221828015e-02
6.773055381032377920e-02,1.602667758769429213e-02
6.268814799237643065e-02,1.526431364557126295e-02
5.538960812406436285e-02,1.453926523947555657e-02
5.108569697845088270e-02,1.390262222528357294e-02
4.593909535377474485e-02,1.331616767989039947e-02
4.251403099548097669e-02,1.277898324721169626e-02
3.830883017961721898e-02,1.227981556981513379e-02
3.605169764809623006e-02,1.181977867497545354e-02
3.239194835000551442e-02,1.139080782949867046e-02
3.087472652294931397e-02,1.099190826491552170e-02
2.801285293526028369e-02,1.061587972043891159e-02
2.652964493466893059e-02,1.028250763554757613e-02
2.434428375725276525e-02,9.946929618655507219e-03
2.308140922547854273e-02,9.650684600082868464e-03
2.133525636007568838e-02,9.361983191849160627e-03
2.026419802917699131e-02,9.092118163522176430e-03
1.874361827575212261e-02,8.833689066602281453e-03
1.015323049719409099e+01,9.817472923219967562e-01
6.523268971198123989e-01,2.945241876965990713e+00
3.016835798258569845e+00,2.658898916705406013e+00
2.265723034217088028e+01,4.361223548584252097e-01
2.191620748592627876e+01,2.168081630180773156e-01
6.029150650235989950e+00,1.285620697734070617e-01
2.406701594770493724e+00,9.557786005427235110e-02
1.025697313606987793e+00,7.499299978808655898e-02
6.535306595498125981e-01,6.179799384379550814e-02
4.175359944151587621e-01,5.269071662744619772e-02
2.860634582939541870e-01,4.516881930779112486e-02
2.170782269815551835e-01,3.931560029660141620e-02
1.727631842970490661e-01,3.552713016929575501e-02
1.324223485447287574e-01,3.188135257895501756e-02
1.080032910565361937e-01,2.877317074555019172e-02
8.312305229401545370e-02,2.643367087946292202e-02
7.855998578154109457e-02,2.448938324450058990e-02
6.970664000859506937e-02,2.269613539090550164e-02
5.443076005799001721e-02,2.115521545637678857e-02
5.203131997007719861e-02,1.992263044814447659e-02
4.125383100126189112e-02,1.873051927045118331e-02
3.957275116052510339e-02,1.764369498333816580e-02
3.324669096479363622e-02,1.672489385157969674e-02
2.744106121546039181e-02,1.585514033931439276e-02
2.713413881453642651e-02,1.512106720625790504e-02
2.454478090290495435e-02,1.445959646438984419e-02
2.093106122085366602e-02,1.380459877828855639e-02
1.924402043781419866e-02,1.321023557765348654e-02
1.720557730904153509e-02,1.269377814067589386e-02
1.641272533241222922e-02,1.219603597753217417e-02
1.457315314513943014e-02,1.174573203937630261e-02
1.278248766460028142e-02,1.132782993726096955e-02
1.284388557247164060e-02,1.094151480594055502e-02
1.164886519368437540e-02,1.057424043578348259e-02
1.100438873880819381e-02,1.022684818398192537e-02
9.847734014246789860e-03,9.903600682488959694e-03
9.122780128871110436e-03,9.591679525200021150e-03
8.789909939133524683e-03,9.309782842767387948e-03
8.225337250761598218e-03,9.053934163656726652e-03
7.424865102133837089e-03,8.803838674376365109e-03
6.746346499695983212e+00,9.817472923219958680e-01
2.055263412793790767e+00,1.840776173103743085e+00
1.507001728660110285e+00,8.999350179618295087e-01
1.004259739482232305e+01,3.349918949961366854e-01
9.342564942400352734e+00,1.767464443917615424e-01
4.298278632139470368e+00,1.283896830862230054e-01
6.253071149033940790e-01,9.217496361905136437e-02
-1.166547195140292675e-01,7.301475644200849935e-02
-3.241949127029161715e-01,5.907541509614499392e-02
-3.393398041739500437e-01,4.982289286837593423e-02
-2.918016650103691934e-01,4.420948485620949248e-02
-2.333590897286210997e-01,3.872349129677949559e-02
-1.900370279054547362e-01,3.435506328969375328e-02
-1.647597418557943671e-01,3.097229980588801085e-02
-1.411800372140752657e-01,2.839274835326011451e-02
-1.272951806269319863e-01,2.613597152511782859e-02
-9.936573105114354654e-02,2.403411948610558249e-02
-8.903264358374847476e-02,2.232609187130874667e-02
-7.631770583637580152e-02,2.089629447503100687e-02
-6.628210807009929373e-02,1.962736631532305959e-02
-6.362690285270994339e-02,1.846950424656976925e-02
-5.292140857854499975e-02,1.748382655408786679e-02
-4.989844518224894471e-02,1.658946322516013233e-02
-4.740458124817280294e-02,1.574419554321383058e-02
-4.106435001047914479e-02,1.501228701380051198e-02
-3.941811193432595561e-02,1.430207904922336723e-02
-3.448162808467649526e-02,1.367973577372734104e-02
-3.321395170430717358e-02,1.312326580067054577e-02
-3.068017636089451911e-02,1.258884575519898796e-02
-2.703398880098646304e-02,1.211152025505706810e-02
-2.621977850296140430e-02,1.164774219436197529e-02
-2.429965920107035257e-02,1.123888198113246785e-02
-2.250743429906125470e-02,1.087246851618883792e-02
-2.038720774568707206e-02,1.050026988522726606e-02
-1.915216362121263324e-02,1.015800394513262199e-02
-1.822005916612473922e-02,9.835401397011084290e-03
-1.677078468315174042e-02,9.547800805564728155e-03
-1.617245296958192552e-02,9.265750659627767019e-03
-1.504226438865400098e-02,8.992267783737529704e-03
-1.440825764821812398e-02,8.739751108381807465e-03
1.015323049719407678e+01,9.817472923219954239e-01
3.619113218415797029e+00,7.363104692414952357e-01
1.494194835231770213e+00,4.170821830126128504e-01
4.278994660950036888e+00,2.609031597343885456e-01
4.308940407734086264e+00,1.624182406659809286e-01
1.280927367465067634e+00,1.156743169772694591e-01
-5.807062582759179303e-01,8.191060709422086361e-02
-9.580994544181903327e-01,6.663712445372602100e-02
-1.053586704979174948e+00,5.570495076590822880e-02
-9.337756221444155624e-01,4.840214871153222798e-02
-7.980328322600277469e-01,4.233574223064839187e-02
-6.702510992220163111e-01,3.729057564486907422e-02
-5.715798815043334757e-01,3.362423213162333419e-02
-4.633861595345176165e-01,3.014041575762180930e-02
-4.107443437841629130e-01,2.754001701729626855e-02
-3.441562073027172874e-01,2.536201206239328126e-02
-3.006956475255934680e-01,2.351534235203056253e-02
-2.636521896129995213e-01,2.194937125707843023e-02
-2.284647931334358173e-01,2.053023641659493942e-02
-2.064206713384245107e-01,1.928067800431185197e-02
-1.807269839264859790e-01,1.815361826283786242e-02
-1.634677620415034283e-01,1.720936473097391117e-02
-1.449758498413046548e-01,1.631149990056327340e-02
-1.337042462973551671e-01,1.550530669244523652e-02
-1.229335041907697879e-01,1.476944726356564132e-02
-1.113649704345095470e-01,1.413061577986129622e-02
-1.031574441282372412e-01,1.352540566058012782e-02
-9.147209503069429759e-02,1.295679786952699461e-02
-8.658688193545643896e-02,1.242494734146525406e-02
-7.912097602969418719e-02,1.196199539600929437e-02
-7.453494329243615102e-02,1.153052513210217102e-02
-6.856328703612943332e-02,1.113568499668005432e-02
-6.343069255692425357e-02,1.075191344221118617e-02
-5.991314901321592029e-02,1.039369155900011013e-02
-5.577235401376995361e-02,1.007299952543971346e-02
-5.184677435309443388e-02,9.748583324405481546e-03
-4.959544924677175559e-02,9.458277549334072332e-03
-4.608054794696508222e-02,9.183590844024950781e-03
-4.374621384486714060e-02,8.923568643921740359e-03
-4.113634608000635989e-02,8.679817912366520269e-03
1.015323049719409987e+01,9.817472923219976444e-01
nan,nan
1.793075526538050024e+00,4.261055956258669175e-01
2.534925504876472058e+00,2.180611774292126326e-01
2.400931725683906226e+00,1.487675916026063028e-01
4.238197170470309194e-01,1.005836499229226383e-01
-6.375397212281291859e-01,8.114288109591746845e-02
-1.136474171832273061e+00,6.425539840407246128e-02
-1.250976761031919571e+00,5.431557185043721370e-02
-1.162125358585804902e+00,4.593428525619154545e-02
-1.021459788419164960e+00,4.049124392552611723e-02
-8.957663107092055377e-01,3.604908320006698641e-02
-7.612223067841682456e-01,3.238131418295851077e-02
-6.631157712292734541e-01,2.937921586116811964e-02
-5.655392281741880023e-01,2.679321068812791362e-02
-4.984442501561264227e-01,2.483016430793429444e-02
-4.321291095467529320e-01,2.303421409839830417e-02
-3.850221132968839055e-01,2.146317998363983168e-02
-3.375811150280944029e-01,2.007452878657331116e-02
-3.035585439046701306e-01,1.891867465827490324e-02
-2.703290490522590184e-01,1.780275478902110242e-02
-2.422759843310482164e-01,1.683945512167784112e-02
-2.203941143552952675e-01,1.599220231989121471e-02
-1.990198577325116291e-01,1.523073148631996082e-02
-1.833891964740523017e-01,1.454653840540687422e-02
-1.669257535717959540e-01,1.389842029370126977e-02
-1.543074160324425514e-01,1.331678981422461383e-02
-1.405614129148445579e-01,1.279910060822128139e-02
-1.318342466003245284e-01,1.229768139536767391e-02
-1.210915453757890059e-01,1.182564301884289973e-02
-1.130436143147772743e-01,1.139747990646165082e-02
-1.049838093838750125e-01,1.098078791198586410e-02
-9.723161052890380573e-02,1.062181172223956166e-02
-9.197741109991348918e-02,1.027383290362621042e-02
-8.550347311726887167e-02,9.952595395302387890e-03
-8.107494219999274165e-02,9.642964941742234938e-03
-7.549459963443536092e-02,9.364699527999733111e-03
-7.209174898206316406e-02,9.093758706470745148e-03
-6.714613641168526437e-02,8.847831681999525008e-03
-6.441715352802214467e-02,8.596942357316714189e-03
8.475424374615794676e+00,9.817472923219963121e-01
5.720101511349491297e+00,5.317797833410808916e-01
2.794316638533213215e+00,2.515727436575115883e-01
2.037779720701651254e+00,1.609351596775802362e-01
1.415642289131209264e+00,1.178066324105296048e-01
3.907396999573568008e-01,8.939466873265677904e-02
-3.769103167240629992e-01,7.166478988411648099e-02
-8.154294835297258848e-01,5.836242438624304057e-02
-9.372875162866673993e-01,5.019532187968637343e-02
-9.632732180238495756e-01,4.356302980807454095e-02
-8.727730305001163424e-01,3.813612961904885856e-02
-8.083446664351738864e-01,3.426267658614814277e-02
-7.062321865729822568e-01,3.087783232203853562e-02
-6.428750268882529317e-01,2.839577431067762114e-02
-5.596375499838225354e-01,2.586248184281611864e-02
-5.002140512593554744e-01,2.397152744237561126e-02
-4.406288832995249316e-01,2.222082889390995103e-02
-3.979365387333361204e-01,2.082901937121339406e-02
-3.555992512566431007e-01,1.954246169323558754e-02
-3.220768479492504555e-01,1.842399307962545862e-02
-2.890732706216378456e-01,1.734726220209700104e-02
-2.622963447878623455e-01,1.643470577059088014e-02
-2.400868992031924276e-01,1.566507466874554264e-02
-2.190830085023290630e-01,1.490555337738205290e-02
-2.014368383902515602e-01,1.425118103569202217e-02
-1.852733470962240059e-01,1.362727451377210644e-02
-1.715256667271723989e-01,1.309299661716532837e-02
-1.584377480713021202e-01,1.256363947621150570e-02
-1.472948620393757235e-01,1.209093155057209060e-02
-1.363817135997017760e-01,1.161976027123663192e-02
-1.276350225652219117e-01,1.121617048868581157e-02
-1.188327508640079494e-01,1.082305773882526016e-02
-1.113418272295889772e-01,1.045739124193570402e-02
-1.043622839418042042e-01,1.012656672175689734e-02
-9.827402430834186742e-02,9.808874829296036768e-03
-9.246969345117353467e-02,9.523811182737049533e-03
-8.727833785132425859e-02,9.238269111442334869e-03
-8.236175143022429757e-02,8.981039361900380880e-03
-7.809184697413744380e-02,8.732165465724832029e-03
-7.388672950740969581e-02,8.503596146138095099e-03
1.015323049719410697e+01,9.817472923219983105e-01
6.031708101932501620e+00,3.272490974406656594e-01
2.908217732204296357e+00,1.663516245323383158e-01
2.118319405134148070e+00,1.292926121584773158e-01
1.353743613223955755e+00,9.731927909068084637e-02
7.297940234139809190e-01,7.617720825505035209e-02
8.161719649819489109e-02,6.119937179628835017e-02
-1.955846405081572148e-01,5.184423099246851518e-02
-4.098462787610437363e-01,4.540616557185726126e-02
-4.495933814502662829e-01,4.016340388463342931e-02
-4.734764147678983681e-01,3.590206288375438065e-02
-4.694285546569751943e-01,3.222652723813672349e-02
-4.516500098693910781e-01,2.948774537397961734e-02
-4.046216417331933157e-01,2.667431601586899709e-02
-3.894523487578964716e-01,2.472922410090447332e-02
-3.482324834196439678e-01,2.289498877364955567e-02
-3.212962400087616133e-01,2.139406927766974303e-02
-2.949217953499895795e-01,2.009371445245883639e-02
-2.669498514971512249e-01,1.887651976934420425e-02
-2.486133449845904231e-01,1.784278508791063353e-02
-2.255214995573462666e-01,1.685393948344732912e-02
-2.090940894794607596e-01,1.604504358367657424e-02
-1.908215769369656922e-01,1.524840060176095059e-02
-1.786487712144866902e-01,1.455872425641530424e-02
-1.666115005400744531e-01,1.391842222088118461e-02
-1.540413779696529206e-01,1.334328444899291269e-02
-1.441996634402147592e-01,1.281038845262530250e-02
-1.317470868750997282e-01,1.227687280548876887e-02
-1.245763525128875948e-01,1.181551618588065102e-02
-1.160347408395674684e-01,1.138851557663225593e-02
-1.095300683827048344e-01,1.100518646510497724e-02
-1.024935190196440415e-01,1.063879370080118153e-02
-9.595531097839808676e-02,1.028516368452165805e-02
-9.091356316145864092e-02,9.961537892184900087e-03
-8.558642744847926032e-02,9.664021857460946066e-03
-8.045083022505571113e-02,9.362242534016004814e-03
-7.679546524766457660e-02,9.100177463763623950e-03
-7.232429484407561227e-02,8.841237044025099592e-03
-6.887265444687465377e-02,8.601896063438377316e-03
-6.528476772428659647e-02,8.373825353450121273e-03
7.468937050527276078e+00,6.135920577012470289e-01
6.688202516308215273e+00,2.556633573755198729e-01
3.887310216223304860e+00,1.563523465549846170e-01
2.280027583139866199e+00,1.049383101151498826e-01
1.489537671513817108e+00,8.068989109208471455e-02
1.066917960544648158e+00,6.783169148553555572e-02
6.247886751957605345e-01,5.661062958802797612e-02
3.550394414193596693e-01,4.863696977835417490e-02
1.467944581605475918e-01,4.202894875851877210e-02
1.662454662886665366e-02,3.717539576534865248e-02
-4.717656040863474343e-02,3.398212469206415842e-02
-8.763946650240782288e-02,3.057482029441644517e-02
-1.107771942399826820e-01,2.774797622657061008e-02
-1.289220692820762515e-01,2.552024687424173793e-02
-1.348245073196727151e-01,2.375357940194822159e-02
-1.412813842457121549e-01,2.218824643763130794e-02
-1.282077389130785727e-01,2.059485088635838387e-02
-1.269065599267553412e-01,1.934104185699822911e-02
-1.196113204409167824e-01,1.824875811559871497e-02
-1.128484616407095242e-01,1.726708363975361718e-02
-1.121016196065668935e-01,1.639110077480991287e-02
-1.016809537838395811e-01,1.558668176639727704e-02
-9.873511728038859847e-02,1.488558857650892908e-02
-9.558049829420391108e-02,1.421476204636772621e-02
-8.792302162760734507e-02,1.360305307281392366e-02
-8.506145135368116394e-02,1.302875443953713415e-02
-7.849899178576370817e-02,1.250002619482625671e-02
-7.592091794197454446e-02,1.204331185254344655e-02
-7.178024169465452298e-02,1.159181154329294409e-02
-6.630880220341719977e-02,1.117705368843620664e-02
-6.406114765835119185e-02,1.078796777729342134e-02
-6.070176642398020239e-02,1.043584982320156299e-02
-5.741181559460310779e-02,1.011813869613716575e-02
-5.365247122919754308e-02,9.790419065119413192e-03
-5.111621608148823881e-02,9.492474857781619049e-03
-4.889418017065619987e-02,9.211651237141968776e-03
-4.619247108802210233e-02,8.956480038018976159e-03
-4.442127151899182003e-02,8.710154568771593525e-03
-4.209928648511096494e-02,8.466416205045821514e-03
-4.044873318709301530e-02,8.243415332233950885e-03
1.015323049719409276e+01,9.817472923219968672e-01
5.782246114953475846e+00,1.840776173103742530e-01
4.428252974292722577e+00,1.442938480665246215e-01
2.461066201706857193e+00,9.611048434672320173e-02
1.675503925177795894e+00,7.424632931809806158e-02
1.160983668297107085e+00,5.949938682938070433e-02
8.813748516511271669e-01,5.019038623693507228e-02
6.476124063724688629e-01,4.422504519998069622e-02
5.049314960141760844e-01,3.900019533814647749e-02
3.780555670154407411e-01,3.530334123802325585e-02
2.750763539591001838e-01,3.176333953535358245e-02
2.065692023406481004e-01,2.869477781399865438e-02
1.587392310222583147e-01,2.665679313206778880e-02
1.148510533885753609e-01,2.456823282457981303e-02
8.520120524310449694e-02,2.264952677323540248e-02
5.668537918262882974e-02,2.122361597651007542e-02
4.931386157041683926e-02,1.990622356733079759e-02
3.966995199644330478e-02,1.867324574378359525e-02
2.253279325927700499e-02,1.765897962020347017e-02
2.102857436436449123e-02,1.676168612154513293e-02
9.171622496112920644e-03,1.594001819762845898e-02
9.137971187417629967e-03,1.511796258619351255e-02
2.805669425496466838e-03,1.445254506539583698e-02
-3.062120253175668137e-03,1.381291568975292171e-02
-1.375696382615291700e-03,1.323382032688939780e-02
-2.946410018799231704e-03,1.272438077252571915e-02
-6.295267998209771142e-03,1.222375838390230007e-02
-6.668654473277657070e-03,1.175107387821003671e-02
-8.038442028009053220e-03,1.134464155507537882e-02
-7.447035893396610449e-03,1.093924494694570142e-02
-8.638695015577129918e-03,1.057949484011353435e-02
-9.987781162368616211e-03,1.024508367835112732e-02
-8.243796910011313983e-03,9.918452686548062669e-03
-8.868228829378517822e-03,9.618242434406319014e-03
-8.471430612193169701e-03,9.327367345407580612e-03
-9.178739860108090648e-03,9.061162149058587731e-03
-9.163792642188230142e-03,8.799187269749333962e-03
-8.600726315514997319e-03,8.558964945709077524e-03
-8.514087559748877501e-03,8.342536258388473167e-03
-8.952886710494266029e-03,8.132637873200291440e-03
1.015323049719409276e+01,9.817472923219969783e-01
nan,nan
2.959968086350819760e+00,1.001782951348976075e-01
2.553463348123743870e+00,9.611048434672325724e-02
1.680054323877709477e+00,7.424632931809808933e-02
1.215762712840444681e+00,5.949938682938074597e-02
9.450683953581032748e-01,5.024639149505319424e-02
7.371086297901553452e-01,4.265619968178573779e-02
6.093985786836109142e-01,3.801741769412491506e-02
5.009876067664994492e-01,3.382263508569024330e-02
4.084091940995506764e-01,3.037050354123884202e-02
3.442321393198577995e-01,2.782523618212542210e-02
2.880701432373626303e-01,2.546801220390989412e-02
2.428746589969972003e-01,2.363546288780293131e-02
2.106972042680390900e-01,2.200205575786495088e-02
1.759765618126169218e-01,2.054049193568628986e-02
1.549238133421289854e-01,1.929388555248144968e-02
1.368089395533010066e-01,1.816448593887246346e-02
1.184458743221147164e-01,1.721523738185566296e-02
1.029944703017606072e-01,1.634575764805932044e-02
9.238492143185142447e-02,1.548032612559189017e-02
7.987711665986872711e-02,1.479182540751552977e-02
7.484003670114566797e-02,1.411168647459327616e-02
6.251957707354828531e-02,1.354030604993650307e-02
6.048376992859373635e-02,1.295949785691122812e-02
5.167215797468981131e-02,1.245152646286976257e-02
4.905764221682477194e-02,1.196384502933429614e-02
4.298063874919276495e-02,1.153935351078379939e-02
4.072072520457799272e-02,1.112170862428017541e-02
3.521430796180816808e-02,1.075651776813703331e-02
3.473062600726233018e-02,1.038353121802650277e-02
2.923552747628775997e-02,1.007031074958848749e-02
2.974782876116344177e-02,9.736752544916335572e-03
2.549478067708970536e-02,9.454091447559334616e-03
2.509761521904226023e-02,9.179616522930584069e-03
2.199910017318160854e-02,8.919244305561346842e-03
2.163626431235703487e-02,8.672613626369727810e-03
1.910854522013802695e-02,8.446295292443162933e-03
1.883433277032751929e-02,8.218635671608140805e-03
1.646620260664501123e-02,8.014815514040072447e-03
8.413410670650792511e+00,7.363104692414976782e-01
8.533102028039712295e+00,2.556633573755199285e-01
4.231269470702035740e+00,1.332649598336179964e-01
2.255268652737974389e+00,9.611048434672320173e-02
1.390043719357559882e+00,7.424632931809806158e-02
8.842941473496531701e-01,5.949938682938072515e-02
7.240217202174378253e-01,5.024639149505319424e-02
5.789935299996556983e-01,4.278929796043523526e-02
4.910117861862554056e-01,3.801741769412488731e-02
4.295505196038662543e-01,3.382263508569024330e-02
3.630805828667362234e-01,3.041722149625277274e-02
3.178466254603647956e-01,2.782523618212541863e-02
2.774203090881766087e-01,2.549144302344046042e-02
2.422170601169175430e-01,2.363546288780292784e-02
2.167440585490315874e-01,2.200205575786496476e-02
1.889505199958144144e-01,2.054082208322462536e-02
1.703246070039425297e-01,1.929415945250259959e-02
1.534502924686280689e-01,1.816471460683404329e-02
1.374837456889117793e-01,1.721101907992270141e-02
1.237332061789262749e-01,1.633830776304541141e-02
1.123375747142980746e-01,1.548116956139053944e-02
1.016180476801976373e-01,1.478771728894636046e-02
9.370388982247651599e-02,1.410994133734329477e-02
8.475657762722105248e-02,1.353536309839165237e-02
7.870560050343282377e-02,1.295688317004669958e-02
7.194027960307955438e-02,1.244873932901411837e-02
6.670596937122809378e-02,1.196255641239951824e-02
6.161078874031652303e-02,1.153685295070509820e-02
5.726158892143122514e-02,1.112021670553099001e-02
5.317318231678010848e-02,1.075407344061725563e-02
4.964122312604736520e-02,1.038249321370855217e-02
4.631447338503739963e-02,1.006816689203723220e-02
4.338445595420711842e-02,9.736119992572065882e-03
4.066272602891583127e-02,9.452827919582247607e-03
3.819525600289971901e-02,9.178227431710522105e-03
3.599332391057651070e-02,8.918071124272404504e-03
3.382815971753181522e-02,8.671438010984997696e-03
3.207291524540497457e-02,8.444934349438961568e-03
3.015845112499622102e-02,8.217636422515878572e-03
2.870797080938200865e-02,8.013714002448737300e-03
1.015323049719407500e+01,9.817472923219952019e-01
5.960580510603768367e+00,1.840776173103743085e-01
4.206680791643085726e+00,1.442938480665246770e-01
1.510567925699470404e+00,9.611048434672320173e-02
7.004366868695822701e-01,7.424632931809808933e-02
3.240535509102944189e-01,5.949938682938071821e-02
3.121650645427195836e-01,5.019038623693507228e-02
2.332116149228594115e-01,4.422504519998068234e-02
2.306266743021756216e-01,3.900019533814651912e-02
2.019949275465864891e-01,3.530334123802326279e-02
1.795068295041954420e-01,3.176333953535359633e-02
1.647123083577706482e-01,2.869477781399865784e-02
1.524813078911062825e-01,2.665679313206778880e-02
1.361568594955004374e-01,2.456823282457981303e-02
1.246059745168143912e-01,2.264952677323539901e-02
1.101693478583096741e-01,2.122361597651006848e-02
1.061738294555266277e-01,1.990622356733080106e-02
9.946614028888400849e-02,1.867324574378359525e-02
8.773844565082766778e-02,1.765897962020347364e-02
8.427764677246374347e-02,1.676168612154513293e-02
7.500749169038843644e-02,1.594001819762845204e-02
7.150198802176033208e-02,1.511796258619351949e-02
6.513860203941161664e-02,1.445254506539583698e-02
5.901178998184285207e-02,1.381291568975291477e-02
5.678136518808504091e-02,1.323382032688939607e-02
5.313634570393170609e-02,1.272438077252571742e-02
4.875387778725182031e-02,1.222375838390229140e-02
4.578149423375420940e-02,1.175107387821003324e-02
4.278031146107432597e-02,1.134464155507538402e-02
4.065576764108131541e-02,1.093924494694570315e-02
3.794021854393443000e-02,1.057949484011353435e-02
3.535754697712458622e-02,1.024508367835112038e-02
3.411697013598712774e-02,9.918452686548073077e-03
3.210200499517488343e-02,9.618242434406319014e-03
3.050433269596096106e-02,9.327367345407582347e-03
2.864710310648605276e-02,9.061162149058591200e-03
2.712756209624286180e-02,8.799187269749337431e-03
2.597245186747583826e-02,8.558964945709070585e-03
2.473333877068319142e-02,8.342536258388478371e-03
2.337562469839117932e-02,8.132637873200291440e-03
7.525608412976574790e+00,6.135920577012479171e-01
7.020646693170752073e+00,2.556633573755198729e-01
3.730639710823588029e+00,1.563523465549846725e-01
7.079415067836444253e-01,1.049383101151499520e-01
-3.369945755624485784e-02,8.068989109208478394e-02
-5.813733204986477193e-02,6.783169148553552796e-02
-9.625037831459672122e-02,5.661062958802800388e-02
-6.958491570845784513e-02,4.863696977835421653e-02
-5.406239896323396243e-02,4.202894875851882761e-02
-4.157298984651567469e-02,3.717539576534867329e-02
-2.617351044045243894e-02,3.398212469206418618e-02
-1.097897650852063499e-02,3.057482029441645557e-02
-1.641829174928409680e-03,2.774797622657062396e-02
1.923268999721550231e-03,2.552024687424175181e-02
5.675518856424702045e-03,2.375357940194821466e-02
5.867891850690888471e-03,2.218824643763131835e-02
1.295930914684995106e-02,2.059485088635839775e-02
1.254503442742762979e-02,1.934104185699823952e-02
1.450833555331352415e-02,1.824875811559872538e-02
1.547978796220884218e-02,1.726708363975362412e-02
1.307730668793546068e-02,1.639110077480991981e-02
1.544149799382513351e-02,1.558668176639727530e-02
1.398281905614609695e-02,1.488558857650893602e-02
1.246343472981269532e-02,1.421476204636772968e-02
1.348361680457931151e-02,1.360305307281393407e-02
1.193386401934070674e-02,1.302875443953714456e-02
1.259182873244496341e-02,1.250002619482627059e-02
1.133618654255762713e-02,1.204331185254345002e-02
1.094791985825306103e-02,1.159181154329295277e-02
1.149653668161092213e-02,1.117705368843620317e-02
1.034844958102999757e-02,1.078796777729343348e-02
1.006911230297494880e-02,1.043584982320156646e-02
9.909628760614885498e-03,1.011813869613717443e-02
9.989164856852793609e-03,9.790419065119414926e-03
9.579445613428888215e-03,9.492474857781631192e-03
9.072793277100829265e-03,9.211651237141987858e-03
9.028674762735534876e-03,8.956480038018974424e-03
8.469989176168687961e-03,8.710154568771605668e-03
8.305492702369588962e-03,8.466416205045824983e-03
7.877450405954947860e-03,8.243415332233954354e-03
1.015323049719407322e+01,9.817472923219949799e-01
6.703075987786888845e+00,3.272490974406651598e-01
2.703412975184772193e+00,1.663516245323381770e-01
-2.752660691858618280e-01,1.292926121584771215e-01
-4.696707271703083886e-01,9.731927909068074922e-02
-4.037212883038852063e-01,7.617720825505033821e-02
-3.601856906009049397e-01,6.119937179628832935e-02
-2.951365525701848402e-01,5.184423099246846661e-02
-2.579338116135629910e-01,4.540616557185716412e-02
-2.111635342318920472e-01,4.016340388463339461e-02
-1.778639601977607121e-01,3.590206288375439453e-02
-1.505269828261724951e-01,3.222652723813669573e-02
-1.302033850552017369e-01,2.948774537397961040e-02
-1.058833914403102539e-01,2.667431601586897627e-02
-9.633295728684224124e-02,2.472922410090446291e-02
-8.065824371253636771e-02,2.289498877364953486e-02
-7.120098675630262552e-02,2.139406927766972222e-02
-6.275673667612417794e-02,2.009371445245881210e-02
-5.399356489720461699e-02,1.887651976934417997e-02
-4.953193660558669748e-02,1.784278508791062659e-02
-4.290975180282534385e-02,1.685393948344732565e-02
-3.893808884243603330e-02,1.604504358367656383e-02
-3.400887362318182061e-02,1.524840060176094018e-02
-3.183474035979592942e-02,1.455872425641532159e-02
-2.951974147663877918e-02,1.391842222088116379e-02
-2.639900184010527534e-02,1.334328444899290228e-02
-2.462491132382638517e-02,1.281038845262529730e-02
-2.099046433150485169e-02,1.227687280548875152e-02
-2.032923174627349408e-02,1.181551618588062846e-02
-1.826738080914823079e-02,1.138851557663226460e-02
-1.735176865436173152e-02,1.100518646510497377e-02
-1.568491212295925960e-02,1.063879370080116765e-02
-1.426585320450118703e-02,1.028516368452165632e-02
-1.360445042409831953e-02,9.961537892184886209e-03
-1.245193774399007587e-02,9.664021857460937392e-03
-1.137722575714151044e-02,9.362242534015994405e-03
-1.108548722674117075e-02,9.100177463763611807e-03
-1.003207392619421927e-02,8.841237044025094388e-03
-9.568250376445423810e-03,8.601896063438372111e-03
-8.862623678203250532e-03,8.373825353450109130e-03
1.015323049719406256e+01,9.817472923219940917e-01
nan,nan
4.001356526681377090e+00,2.515727436575116438e-01
-4.348060582964888843e-01,1.641699638827338048e-01
-6.067492790737633035e-01,1.169989561607718553e-01
-5.214662662359609291e-01,8.560735044674523675e-02
-4.634575676250726195e-01,7.084685923161096466e-02
-3.904265225711061049e-01,5.841371333072748612e-02
-3.361532882577351611e-01,5.002994853525746105e-02
-2.849203538924914847e-01,4.295959634940799132e-02
-2.439848188351548264e-01,3.785164043224929081e-02
-2.154478347907082814e-01,3.426274937714100799e-02
-1.854788384457793649e-01,3.079843470671287178e-02
-1.646503487757718376e-01,2.819784371312765089e-02
-1.431350963239076401e-01,2.574403442978872095e-02
-1.286063076888182000e-01,2.394823831520586158e-02
-1.133102106554369215e-01,2.224168719917192852e-02
-1.027537059821995030e-01,2.081893802879611691e-02
-9.133671753323463482e-02,1.948522112353097066e-02
-8.339912352110569194e-02,1.840382863289934112e-02
-7.507524861601351518e-02,1.734915814447603524e-02
-6.806901447750053624e-02,1.642252915760982271e-02
-6.252399557663367025e-02,1.562979904270740683e-02
-5.700409378723273607e-02,1.488474303833453236e-02
-5.292868651665980084e-02,1.425032070196738040e-02
-4.854257296239572472e-02,1.361887022792888403e-02
-4.518145392478809669e-02,1.307024958213481684e-02
-4.136528811686103480e-02,1.255011718781812169e-02
-3.905767516697026404e-02,1.208926654374206829e-02
-3.601067794157657154e-02,1.162424800450505800e-02
-3.382992179029698648e-02,1.121460189522272347e-02
-3.151569765822183344e-02,1.081207844504015851e-02
-2.930001279503879896e-02,1.045280048948962065e-02
-2.782077087661224621e-02,1.012788023535587598e-02
-2.593667104616003902e-02,9.806748674357114101e-03
-2.468291414217086213e-02,9.515426766177356374e-03
-2.302921915559354507e-02,9.234127343430533971e-03
-2.206823719006289000e-02,8.981313295590011986e-03
-2.055399238858368616e-02,8.730407140558150980e-03
-1.981221052507340166e-02,8.497043193200158259e-03
8.583171139948145623e+00,9.817472923219976444e-01
6.773320006552532746e+00,5.317797833410813357e-01
2.514316174842403218e+00,3.388391696416890864e-01
-1.016557596939503677e-01,1.878807664508197195e-01
-3.451693889161554507e-01,1.432215407639972904e-01
-4.011987447361093362e-01,1.000920255013549032e-01
-3.671395469220349872e-01,7.901909121576400352e-02
-3.262182627837272308e-01,6.290595722106694099e-02
-2.863129147028234955e-01,5.394524228046868042e-02
-2.553173509548123388e-01,4.599686618635200064e-02
-2.186109799416929012e-01,4.029580520445716352e-02
-1.972483613890538279e-01,3.577418982093166083e-02
-1.709344754344136741e-01,3.232880517526369457e-02
-1.562500884842365489e-01,2.941963017231269753e-02
-1.368928724018125542e-01,2.677176793337675276e-02
-1.236074143930500358e-01,2.474321268601297613e-02
-1.098001716065049316e-01,2.292529724877785668e-02
-1.003513496040385755e-01,2.143536474047806617e-02
-9.063290726269038200e-02,2.007283858997372869e-02
-8.309212491189280070e-02,1.888464478654043252e-02
-7.529506589997068955e-02,1.776141566015989465e-02
-6.873837430261044157e-02,1.683078543645550457e-02
-6.374313363270572852e-02,1.599848568375466379e-02
-5.852761229846431545e-02,1.522008833009606127e-02
-5.439640671810352934e-02,1.452545668702488746e-02
-5.021355041168807515e-02,1.389467022885875445e-02
-4.701092169814193727e-02,1.332253407462824675e-02
-4.346135791879271459e-02,1.279347032581443049e-02
-4.089743868794475795e-02,1.228590028273797603e-02
-3.797607571168037932e-02,1.180726597424083466e-02
-3.572949560574779915e-02,1.139314920923962908e-02
-3.349886311452724558e-02,1.098122286408685817e-02
-3.139345514124406572e-02,1.061615936967046786e-02
-2.970640415728830960e-02,1.026393393895250541e-02
-2.792374598014399356e-02,9.950431940801751640e-03
-2.654755520435058205e-02,9.644263904103901261e-03
-2.501407602392414012e-02,9.361587285757701563e-03
-2.382483660642970361e-02,9.087566593261084402e-03
-2.246794106768831151e-02,8.846499887654591179e-03
-2.151757550195472837e-02,8.598500352048824361e-03
1.015323049719408210e+01,9.817472923219958680e-01
5.319843140269821191e+00,7.363104692414977892e-01
1.610801869877315662e+00,4.170821830126129059e-01
3.690055914004482518e-01,2.609031597343886011e-01
-3.311364894691632560e-02,1.624182406659811229e-01
-9.896903249574590111e-02,1.156743169772694591e-01
-1.659763711089611293e-01,8.191060709422086361e-02
-1.539625191183971453e-01,6.663712445372604876e-02
-1.575665679700274380e-01,5.570495076590824268e-02
-1.371929929581368057e-01,4.840214871153219328e-02
-1.253506188305710811e-01,4.233574223064841963e-02
-1.142345245039738943e-01,3.729057564486906728e-02
-1.050088231720980453e-01,3.362423213162336194e-02
-9.068124148688359865e-02,3.014041575762179889e-02
-8.663737179620439877e-02,2.754001701729624080e-02
-7.617976106974690131e-02,2.536201206239328820e-02
-7.008197155756815122e-02,2.351534235203055212e-02
-6.424218850630271371e-02,2.194937125707844758e-02
-5.784438138491173470e-02,2.053023641659494289e-02
-5.437663123695029438e-02,1.928067800431186932e-02
-4.914677201475312757e-02,1.815361826283788324e-02
-4.581481800934661397e-02,1.720936473097391811e-02
-4.171171196610482662e-02,1.631149990056325952e-02
-3.951506522918649816e-02,1.550530669244521570e-02
-3.720277981745186840e-02,1.476944726356565173e-02
-3.438323104632183547e-02,1.413061577986128754e-02
-3.247779237100565514e-02,1.352540566058012608e-02
-2.931476325487200260e-02,1.295679786952698420e-02
-2.820188747646185795e-02,1.242494734146524366e-02
-2.619033899153893827e-02,1.196199539600928397e-02
-2.498785718075700185e-02,1.153052513210214847e-02
-2.331431527754293867e-02,1.113568499668005606e-02
-2.182377820959798334e-02,1.075191344221117923e-02
-2.085511822767283432e-02,1.039369155900010840e-02
-1.961665098564751089e-02,1.007299952543970652e-02
-1.842588927404132521e-02,9.748583324405485015e-03
-1.778361629900509708e-02,9.458277549334074066e-03
-1.667775053284714301e-02,9.183590844024940372e-03
-1.597046038089814865e-02,8.923568643921743829e-03
-1.513444248916515598e-02,8.679817912366515065e-03
7.016057024579134271e+00,9.817472923219945358e-01
4.552018582944784342e+00,1.840776173103743085e+00
2.011821095108543123e+00,8.999350179618301748e-01
7.053314334322768886e-01,3.349918949961366854e-01
2.626684515553348032e-01,1.767464443917615424e-01
1.615062980375090718e-01,1.283896830862230887e-01
6.498682302383626541e-02,9.217496361905125335e-02
3.300527456456494452e-02,7.301475644200851323e-02
8.139318280352898435e-03,5.907541509614493841e-02
-5.711516131278140083e-03,4.982289286837597586e-02
-9.597260329670551093e-03,4.420948485620945084e-02
-1.095702668437116729e-02,3.872349129677948865e-02
-1.193844897743327055e-02,3.435506328969375328e-02
-1.413884659401862601e-02,3.097229980588796228e-02
-1.449260110624146780e-02,2.839274835326010757e-02
-1.603213028757486183e-02,2.613597152511782165e-02
-1.268174218925997680e-02,2.403411948610559290e-02
-1.310388627735342704e-02,2.232609187130875361e-02
-1.193768044656330109e-02,2.089629447503100340e-02
-1.102330529061758095e-02,1.962736631532307346e-02
-1.204846775143687473e-02,1.846950424656977272e-02
-1.003510810369605960e-02,1.748382655408787373e-02
-1.030933670615015105e-02,1.658946322516014274e-02
-1.057875571417427399e-02,1.574419554321382711e-02
-9.261389658408355693e-03,1.501228701380051371e-02
-9.504635882323832913e-03,1.430207904922336723e-02
-8.396755869056204274e-03,1.367973577372733930e-02
-8.530217654494867685e-03,1.312326580067053189e-02
-8.113591423290827595e-03,1.258884575519899143e-02
-7.149057599839118808e-03,1.211152025505707851e-02
-7.254014672825644626e-03,1.164774219436198223e-02
-6.865783924057137534e-03,1.123888198113246611e-02
-6.445344044241586509e-03,1.087246851618885526e-02
-5.856710985289178585e-03,1.050026988522726780e-02
-5.614782253642040984e-03,1.015800394513261852e-02
-5.458364543027606659e-03,9.835401397011079086e-03
-5.051455073869286390e-03,9.547800805564729890e-03
-4.977863064649907729e-03,9.265750659627765284e-03
-4.666260370053527951e-03,8.992267783737531439e-03
-4.553310990322615229e-03,8.739751108381824812e-03
1.015323049719408210e+01,9.817472923219959791e-01
3.336222736133223954e+00,2.945241876965988936e+00
2.138883738417316493e+00,2.658898916705406013e+00
9.697577035145131807e-01,4.361223548584249321e-01
5.795109458851124273e-01,2.168081630180768993e-01
3.356181658586132044e-01,1.285620697734073115e-01
2.670643653063196621e-01,9.557786005427235110e-02
1.901374524722319048e-01,7.499299978808662837e-02
1.594176680729909035e-01,6.179799384379548038e-02
1.263060303055275890e-01,5.269071662744617690e-02
1.009251790589058562e-01,4.516881930779109017e-02
8.424000897692741907e-02,3.931560029660143007e-02
7.241173724015438629e-02,3.552713016929577583e-02
6.026283597518383023e-02,3.188135257895501062e-02
5.189814311141840303e-02,2.877317074555019172e-02
4.309021401885707730e-02,2.643367087946294630e-02
4.047731323528795666e-02,2.448938324450062459e-02
3.687859814206104897e-02,2.269613539090551899e-02
3.072917805536436522e-02,2.115521545637681980e-02
2.938188875240670822e-02,1.992263044814446965e-02
2.477680054010533012e-02,1.873051927045119372e-02
2.367055308178217174e-02,1.764369498333814498e-02
2.077394344419297018e-02,1.672489385157969327e-02
1.800015743584294781e-02,1.585514033931438235e-02
1.757423475882718619e-02,1.512106720625791371e-02
1.622973239013443189e-02,1.445959646438983899e-02
1.435347393548039481e-02,1.380459877828855292e-02
1.339623269182025830e-02,1.321023557765349347e-02
1.224864614705973957e-02,1.269377814067590773e-02
1.170043127365255793e-02,1.219603597753218457e-02
1.067141271106171983e-02,1.174573203937630435e-02
9.644555876835422814e-03,1.132782993726097996e-02
9.568714040551776212e-03,1.094151480594056716e-02
8.834193307452279514e-03,1.057424043578349647e-02
8.414177882097308506e-03,1.022684818398194445e-02
7.710535409994338091e-03,9.903600682488957960e-03
7.237988799445350084e-03,9.591679525200014211e-03
6.977401747597396578e-03,9.309782842767393152e-03
6.606489951210211403e-03,9.053934163656716244e-03
6.096554538673587195e-03,8.803838674376354700e-03
1.015323049719408921e+01,9.817472923219965342e-01
nan,nan
1.339937791925676969e+00,9.817472923219964231e-01
1.138677142631437045e+00,5.457359948495804636e-01
7.575014845462674229e-01,2.517845030786724503e-01
5.088592565563371251e-01,1.459253421410902363e-01
3.979169855997645167e-01,1.050082235717419293e-01
3.036721089664550788e-01,7.839318104902509576e-02
2.496251206540935630e-01,6.452023411888135884e-02
2.094598754306158384e-01,5.388774211179785806e-02
1.720997202206457910e-01,4.586928387834785653e-02
1.478578917363274348e-01,4.039706957153961497e-02
1.267457466106662323e-01,3.574868015933430759e-02
1.093973721461835996e-01,3.223059440281404037e-02
9.729073779026516100e-02,2.935261546728048371e-02
8.385804754913432635e-02,2.677768936268519473e-02
7.554963475139742091e-02,2.474834408103697425e-02
6.818355618280950992e-02,2.295982313523398793e-02
6.082126715876987749e-02,2.144889923544275948e-02
5.452652932227847193e-02,2.010423191446496921e-02
4.977810416102684127e-02,1.884481602822321578e-02
4.469030618077191735e-02,1.780887643068864573e-02
4.188345238136811227e-02,1.687206365072776645e-02
3.712076096709891748e-02,1.601683018550534646e-02
3.534146524555588365e-02,1.525408052134314546e-02
3.178635185262735502e-02,1.453027406120857914e-02
3.000852356278713162e-02,1.389315101768499178e-02
2.742358890271187621e-02,1.330913284634365965e-02
2.589388524966408991e-02,1.277163596571121579e-02
2.363280617466388331e-02,1.227448959998138009e-02
2.268216957362993724e-02,1.181350403299448806e-02
2.057325818418136165e-02,1.138654141679086226e-02
1.997854103629775890e-02,1.098645601181420274e-02
1.828739933768674594e-02,1.061162141999020224e-02
1.758366260079374452e-02,1.027872664074297102e-02
1.626962412056229962e-02,9.943496234544884835e-03
1.564116039986420889e-02,9.647370502599603159e-03
1.456201215018907737e-02,9.359487858443267527e-03
1.400840558835919798e-02,9.089211159374775348e-03
1.303435922698538418e-02,8.831477332009366951e-03
7.203210783405463502e+00,9.817472923219963121e-01
4.701489608200807524e+00,2.945241876965988048e+00
2.022264431930617778e+00,3.006601082736113373e+00
1.189136499088556231e+00,5.711419143628965189e-01
8.045590866354919157e-01,2.557567147992085288e-01
5.654408709406512079e-01,1.476271484661532685e-01
4.388977083033058224e-01,1.057537150158010808e-01
3.398735494971825699e-01,7.917670860490651219e-02
2.792674257125434822e-01,6.481688050100538334e-02
2.315363245277178017e-01,5.407112040858379209e-02
1.920827847319680481e-01,4.610358571420561380e-02
1.641636097960917917e-01,4.050629362534612782e-02
1.405174132510401408e-01,3.587359742067277452e-02
1.215486596414478149e-01,3.230289661768838416e-02
1.071236694154330676e-01,2.940848836051670676e-02
9.305833218082153191e-02,2.682902130305233473e-02
8.315091016818297598e-02,2.478955522221664223e-02
7.448504435005834368e-02,2.299320371912181443e-02
6.659942920498730656e-02,2.147313255867469226e-02
5.979955004668534996e-02,2.012046472442549638e-02
5.422523696874861909e-02,1.886829901212882035e-02
4.891923005810765862e-02,1.782398699775238765e-02
4.528020525574199401e-02,1.688663125221827668e-02
4.064061841863903651e-02,1.602667758769429213e-02
3.809071502007189969e-02,1.526431364557126295e-02
3.455214989852465474e-02,1.453926523947555657e-02
3.230511512969079513e-02,1.390262222528356774e-02
2.966327558967520039e-02,1.331616767989040467e-02
2.779842091141796270e-02,1.277898324721169973e-02
2.554665715849255281e-02,1.227981556981512859e-02
2.423629463208105267e-02,1.181977867497544833e-02
2.221146651147114584e-02,1.139080782949867046e-02
2.127797152588085938e-02,1.099190826491551129e-02
1.963202122125608934e-02,1.061587972043890986e-02
1.872227580398615546e-02,1.028250763554757440e-02
1.741589645908194622e-02,9.946929618655503749e-03
1.662163691546637498e-02,9.650684600082863260e-03
1.554846244516512772e-02,9.361983191849162361e-03
1.485700837568264439e-02,9.092118163522178165e-03
1.390049623108171803e-02,8.833689066602283188e-03
1.015323049719409276e+01,9.817472923219969783e-01
2.948334380936803889e+00,2.945241876965989825e+00
2.021393131208681471e+00,2.658898916705405568e+00
1.040335516359542023e+00,4.361223548584252097e-01
6.835390979109597920e-01,2.168081630180772323e-01
4.420822783535331979e-01,1.285620697734071727e-01
3.497558177416957848e-01,9.557786005427230946e-02
2.621402013872588532e-01,7.499299978808658673e-02
2.172141129192792230e-01,6.179799384379549426e-02
1.749259654008071541e-01,5.269071662744622547e-02
1.407740606799202654e-01,4.516881930779109017e-02
1.170800181785473931e-01,3.931560029660142314e-02
1.002040826977035060e-01,3.552713016929576195e-02
8.369309764156941667e-02,3.188135257895501756e-02
7.131457164553331451e-02,2.877317074555019519e-02
5.984675861648323242e-02,2.643367087946291855e-02
5.496554707645896765e-02,2.448938324450057255e-02
4.901844853972434080e-02,2.269613539090552939e-02
4.143348478346078889e-02,2.115521545637680592e-02
3.864837538440227260e-02,1.992263044814448006e-02
3.287380107092140180e-02,1.873051927045119025e-02
3.076178789614453929e-02,1.764369498333815886e-02
2.698535291816864939e-02,1.672489385157968633e-02
2.342482463513098634e-02,1.585514033931438582e-02
2.242826192085770401e-02,1.512106720625789984e-02
2.052820570276198825e-02,1.445959646438985113e-02
1.816744472008639116e-02,1.380459877828857200e-02
1.675808994058632789e-02,1.321023557765349347e-02
1.525798332443714135e-02,1.269377814067589906e-02
1.442739343806492477e-02,1.219603597753217764e-02
1.309048300970296584e-02,1.174573203937630782e-02
1.180084585933217738e-02,1.132782993726096608e-02
1.153713475879689435e-02,1.094151480594056022e-02
1.061884439911568896e-02,1.057424043578347565e-02
1.001959735131938145e-02,1.022684818398193925e-02
9.146604297938601760e-03,9.903600682488968368e-03
8.529125542444438574e-03,9.591679525200028089e-03
8.165697421036212378e-03,9.309782842767384478e-03
7.681465783970282957e-03,9.053934163656721448e-03
7.060249875151648410e-03,8.803838674376358170e-03
6.691957699701347018e+00,9.817472923219960901e-01
3.781985094212028553e+00,1.840776173103744195e+00
1.776651712460244559e+00,8.999350179618298418e-01
8.336566037589767664e-01,3.349918949961364634e-01
4.413676890431344479e-01,1.767464443917614592e-01
3.103101932834905208e-01,1.283896830862230887e-01
1.795823367084450062e-01,9.217496361905126723e-02
1.195186516777491242e-01,7.301475644200855486e-02
7.171896251821545387e-02,5.907541509614492453e-02
4.192956905337584528e-02,4.982289286837598280e-02
2.785044133531959856e-02,4.420948485620945778e-02
1.731266271446668323e-02,3.872349129677950252e-02
9.773795395245929787e-03,3.435506328969375328e-02
2.083193934462798484e-03,3.097229980588801432e-02
-2.037166336321262049e-03,2.839274835326011798e-02
-7.117235671451489429e-03,2.613597152511783553e-02
-5.747545101909536970e-03,2.403411948610556861e-02
-8.068402486565018003e-03,2.232609187130873279e-02
-8.335842189856989062e-03,2.089629447503101034e-02
-8.393496788007869316e-03,1.962736631532305612e-02
-1.099243078247597906e-02,1.846950424656974843e-02
-9.192315784240434259e-03,1.748382655408786332e-02
-1.033511814866942997e-02,1.658946322516013580e-02
-1.150808805852020569e-02,1.574419554321382364e-02
-1.025270923423081924e-02,1.501228701380052585e-02
-1.114475940978338145e-02,1.430207904922337590e-02
-9.975525212760620597e-03,1.367973577372734624e-02
-1.053616271026103918e-02,1.312326580067054056e-02
-1.027347020840469957e-02,1.258884575519900011e-02
-9.186427309562209681e-03,1.211152025505707330e-02
-9.589556765755022708e-03,1.164774219436197529e-02
-9.206168825497261510e-03,1.123888198113246611e-02
-8.798294968382452258e-03,1.087246851618883271e-02
-8.133859750532629329e-03,1.050026988522726433e-02
-7.895683368875198310e-03,1.015800394513263066e-02
-7.797823710399021460e-03,9.835401397011086025e-03
-7.296149873495158186e-03,9.547800805564740298e-03
-7.303810288507650052e-03,9.265750659627768754e-03
-6.926829791615303489e-03,8.992267783737534909e-03
-6.822776457804522604e-03,8.739751108381798791e-03
1.015323049719409632e+01,9.817472923219972003e-01
3.947213163509814216e+00,7.363104692414964569e-01
1.349730721166589431e+00,4.170821830126130725e-01
6.043669056443953247e-01,2.609031597343885456e-01
2.028285549433632984e-01,1.624182406659809008e-01
6.191365737093655619e-02,1.156743169772694868e-01
-8.144964028531813394e-02,8.191060709422084973e-02
-1.051873501412556311e-01,6.663712445372599325e-02
-1.407571617348610804e-01,5.570495076590815248e-02
-1.316908822971268045e-01,4.840214871153217940e-02
-1.309971562323117011e-01,4.233574223064839881e-02
-1.280201807128677760e-01,3.729057564486909504e-02
-1.239104793101958313e-01,3.362423213162333419e-02
-1.101225517048742830e-01,3.014041575762178848e-02
-1.109837614671410760e-01,2.754001701729621651e-02
-9.903486871460570606e-02,2.536201206239324310e-02
-9.360062133517747796e-02,2.351534235203053130e-02
-8.772641549676742090e-02,2.194937125707841982e-02
-8.016103541014861500e-02,2.053023641659491513e-02
-7.721866814379613198e-02,1.928067800431186585e-02
-7.050841266143539898e-02,1.815361826283786589e-02
-6.679331202337966678e-02,1.720936473097389730e-02
-6.142403177102095935e-02,1.631149990056328727e-02
-5.919761689432869595e-02,1.550530669244522958e-02
-5.657892071518080823e-02,1.476944726356564132e-02
-5.270045236050899251e-02,1.413061577986129101e-02
-5.044100911060672016e-02,1.352540566058011567e-02
-4.544791832042968660e-02,1.295679786952698420e-02
-4.457742389741595201e-02,1.242494734146524192e-02
-4.146890903076001778e-02,1.196199539600928397e-02
-4.014219739679383142e-02,1.153052513210214847e-02
-3.750616648339306913e-02,1.113568499668005606e-02
-3.533863266661817215e-02,1.075191344221116535e-02
-3.407290345869317533e-02,1.039369155900011360e-02
-3.220414437059747337e-02,1.007299952543969090e-02
-3.038501446304293571e-02,9.748583324405481546e-03
-2.961152959884994634e-02,9.458277549334061923e-03
-2.783100341554128193e-02,9.183590844024954250e-03
-2.680640670129744510e-02,8.923568643921735155e-03
-2.551230879324683370e-02,8.679817912366515065e-03
1.015323049719410520e+01,9.817472923219980885e-01
nan,nan
2.068909700157068432e+00,4.261055956258666955e-01
4.646126424018539036e-01,2.180611774292125771e-01
-1.823969886643305241e-02,1.487675916026061640e-01
-2.559317998101504066e-01,1.005836499229225273e-01
-3.226886521934616003e-01,8.114288109591745457e-02
-3.651921109181011094e-01,6.425539840407246128e-02
-3.576281687795994646e-01,5.431557185043717206e-02
-3.403110269989448877e-01,4.593428525619154545e-02
-3.011148208945051419e-01,4.049124392552609641e-02
-2.951815567585623912e-01,3.604908320006697947e-02
-2.620004617726636176e-01,3.238131418295850383e-02
-2.477197631302601732e-01,2.937921586116811618e-02
-2.214470728023864021e-01,2.679321068812792750e-02
-2.054251862458669198e-01,2.483016430793430485e-02
-1.860050940412312503e-01,2.303421409839829723e-02
-1.744579204471530254e-01,2.146317998363983862e-02
-1.585004905338342485e-01,2.007452878657332851e-02
-1.476110443733871791e-01,1.891867465827488937e-02
-1.363389140121406551e-01,1.780275478902111283e-02
-1.255312544606639047e-01,1.683945512167783418e-02
-1.179208259459963576e-01,1.599220231989122165e-02
-1.085731069370229479e-01,1.523073148631994347e-02
-1.031377700635371375e-01,1.454653840540687422e-02
-9.566602798249614070e-02,1.389842029370126977e-02
-9.058924968782101905e-02,1.331678981422460863e-02
-8.340159028148991238e-02,1.279910060822127965e-02
-8.031398355110205833e-02,1.229768139536766870e-02
-7.479630096591216581e-02,1.182564301884290146e-02
-7.100123554347034793e-02,1.139747990646164562e-02
-6.701322096249165416e-02,1.098078791198586930e-02
-6.255541734191792658e-02,1.062181172223956513e-02
-6.033113841336695815e-02,1.027383290362621215e-02
-5.650589340565405350e-02,9.952595395302387890e-03
-5.448345920231669609e-02,9.642964941742234938e-03
-5.098809089886002788e-02,9.364699527999734846e-03
-4.950092566299044844e-02,9.093758706470748618e-03
-4.626943705468767459e-02,8.847831681999521539e-03
-4.509708956198051066e-02,8.596942357316696842e-03
7.924173269976996892e+00,9.817472923219967562e-01
4.748687109279184249e+00,5.317797833410808916e-01
1.791038400906479255e+00,2.515727436575114773e-01
1.844783420114178285e-01,1.609351596775802362e-01
-3.509718099379655620e-01,1.178066324105296048e-01
-5.655227650272859341e-01,8.939466873265677904e-02
-6.381393864992406240e-01,7.166478988411650874e-02
-6.186456018884749497e-01,5.836242438624308221e-02
-5.972097633526817217e-01,5.019532187968636650e-02
-5.342861098035845968e-01,4.356302980807456177e-02
-4.919096126787829704e-01,3.813612961904890714e-02
-4.372071478569302672e-01,3.426267658614817052e-02
-4.031494123248806627e-01,3.087783232203855990e-02
-3.583752644440953983e-01,2.839577431067763155e-02
-3.236593384662902473e-01,2.586248184281614640e-02
-2.945380548771029394e-01,2.397152744237561819e-02
-2.684812136486245948e-01,2.222082889390995797e-02
-2.460006059005752643e-01,2.082901937121341487e-02
-2.243964323540533212e-01,1.954246169323560489e-02
-2.060954085138281544e-01,1.842399307962546556e-02
-1.888659403323478259e-01,1.734726220209700798e-02
-1.756116839777070726e-01,1.643470577059089055e-02
-1.616564039260143248e-01,1.566507466874557039e-02
-1.504212227603609342e-01,1.490555337738205116e-02
-1.394286085754254112e-01,1.425118103569202911e-02
-1.307824795309159294e-01,1.362727451377212032e-02
-1.215962540731126557e-01,1.309299661716534224e-02
-1.146083859559337143e-01,1.256363947621150744e-02
-1.067149489281087188e-01,1.209093155057209580e-02
-1.002536840690916309e-01,1.161976027123663366e-02
-9.473584423163027013e-02,1.121617048868581851e-02
-8.874481332446497450e-02,1.082305773882527578e-02
-8.434771855486233871e-02,1.045739124193570575e-02
-7.918320901117942290e-02,1.012656672175689908e-02
-7.566670715350951038e-02,9.808874829296045442e-03
-7.115593519118071364e-02,9.523811182737056472e-03
-6.803769035177691105e-02,9.238269111442341808e-03
-6.420985758724830073e-02,8.981039361900380880e-03
-6.180918059915127549e-02,8.732165465724837233e-03
-5.828021064205281959e-02,8.503596146138098569e-03
1.015323049719409809e+01,9.817472923219974223e-01
4.395331715090194713e+00,3.272490974406654929e-01
1.272332219008152743e+00,1.663516245323382048e-01
-2.614654838731430078e-02,1.292926121584772603e-01
-5.545522299092341401e-01,9.731927909068087412e-02
-8.087212042812910173e-01,7.617720825505036597e-02
-8.257020664477449090e-01,6.119937179628836404e-02
-7.972794304629250428e-01,5.184423099246851518e-02
-7.248069544267474740e-01,4.540616557185723351e-02
-6.637845629724736796e-01,4.016340388463341543e-02
-5.937645108860051257e-01,3.590206288375440147e-02
-5.262414359784507445e-01,3.222652723813672349e-02
-4.718645642134138840e-01,2.948774537397964510e-02
-4.167751823384933663e-01,2.667431601586899015e-02
-3.734925037754573407e-01,2.472922410090447332e-02
-3.364325865968001428e-01,2.289498877364957302e-02
-3.042971874674770261e-01,2.139406927766975691e-02
-2.765929824637095025e-01,2.009371445245881904e-02
-2.512192600907594553e-01,1.887651976934418691e-02
-2.295824142510152488e-01,1.784278508791064047e-02
-2.097400777953124518e-01,1.685393948344732912e-02
-1.933187162157449790e-01,1.604504358367656036e-02
-1.776228436205774530e-01,1.524840060176096274e-02
-1.643862410758205050e-01,1.455872425641531118e-02
-1.523314482575471029e-01,1.391842222088118461e-02
-1.415913803616744016e-01,1.334328444899291789e-02
-1.319453842348690120e-01,1.281038845262530597e-02
-1.225898480962189230e-01,1.227687280548876367e-02
-1.145207129559107362e-01,1.181551618588064234e-02
-1.074201292425827486e-01,1.138851557663225593e-02
-1.008872364598022431e-01,1.100518646510497550e-02
-9.501501975048946835e-02,1.063879370080117806e-02
-8.928911298890106207e-02,1.028516368452167019e-02
-8.434731424388061671e-02,9.961537892184893148e-03
-7.971912695560735840e-02,9.664021857460937392e-03
-7.520958296801685816e-02,9.362242534015997875e-03
-7.146648503988660417e-02,9.100177463763622215e-03
-6.769051395859233822e-02,8.841237044025106531e-03
-6.440808168727960026e-02,8.601896063438377316e-03
-6.122024189526483612e-02,8.373825353450119538e-03
6.816639605826246395e+00,6.135920577012481392e-01
4.558571746121032220e+00,2.556633573755197619e-01
2.044889616404921284e+00,1.563523465549845060e-01
-1.880654748117863706e-01,1.049383101151499381e-01
-6.416945739439646745e-01,8.068989109208472843e-02
-8.447240046098714039e-01,6.783169148553551409e-02
-8.827149367051471129e-01,5.661062958802796918e-02
-8.252041803209236859e-01,4.863696977835414020e-02
-7.314396282253702308e-01,4.202894875851877210e-02
-6.464324250175050857e-01,3.717539576534864554e-02
-5.785373961826816291e-01,3.398212469206416536e-02
-5.014598681202430130e-01,3.057482029441642088e-02
-4.371822958052800079e-01,2.774797622657059273e-02
-3.859740612549266148e-01,2.552024687424173446e-02
-3.446856593695213911e-01,2.375357940194821812e-02
-3.097406816792146467e-01,2.218824643763131141e-02
-2.708987567309939504e-01,2.059485088635837693e-02
-2.450314191986109336e-01,1.934104185699823605e-02
-2.202348383068101212e-01,1.824875811559872191e-02
-1.994891922306107346e-01,1.726708363975360330e-02
-1.831841021015814808e-01,1.639110077480989552e-02
-1.656769855190473040e-01,1.558668176639726663e-02
-1.531546526590083779e-01,1.488558857650892561e-02
-1.414393485233045034e-01,1.421476204636772274e-02
-1.294158483715893149e-01,1.360305307281391672e-02
-1.202769834939475951e-01,1.302875443953712548e-02
-1.106406335062831980e-01,1.250002619482625497e-02
-1.037562080258731950e-01,1.204331185254343788e-02
-9.657169332193804578e-02,1.159181154329294583e-02
-8.928389251579907371e-02,1.117705368843619970e-02
-8.406934922339154292e-02,1.078796777729343175e-02
-7.888845093662784358e-02,1.043584982320155778e-02
-7.405275201107890115e-02,1.011813869613717269e-02
-6.904349801419829014e-02,9.790419065119416661e-03
-6.512664838194529016e-02,9.492474857781627723e-03
-6.156471493082649182e-02,9.211651237141968776e-03
-5.802686233829239260e-02,8.956480038018986567e-03
-5.510334409299111336e-02,8.710154568771600464e-03
-5.201342108413743726e-02,8.466416205045814575e-03
-4.951019650405599076e-02,8.243415332233959558e-03
1.015323049719408921e+01,9.817472923219965342e-01
3.803190835726180108e+00,1.840776173103742530e-01
2.125522975891558364e+00,1.442938480665246492e-01
-1.663595330521931009e-02,9.611048434672321561e-02
-4.763648938014177769e-01,7.424632931809813097e-02
-7.351029200719414458e-01,5.949938682938075291e-02
-6.959234893795679389e-01,5.019038623693506534e-02
-6.573874537876988056e-01,4.422504519998067540e-02
-5.554810329725770046e-01,3.900019533814653300e-02
-4.864763509513233553e-01,3.530334123802325585e-02
-4.150168442505237643e-01,3.176333953535358939e-02
-3.494386687413988390e-01,2.869477781399864050e-02
-3.034059327318245347e-01,2.665679313206779227e-02
-2.641156171890239324e-01,2.456823282457980609e-02
-2.245565373387305996e-01,2.264952677323539901e-02
-2.032737515695650088e-01,2.122361597651006501e-02
-1.734701421584957937e-01,1.990622356733080453e-02
-1.477891371315459834e-01,1.867324574378359872e-02
-1.379237872347795490e-01,1.765897962020347711e-02
-1.184475989679173308e-01,1.676168612154512946e-02
-1.109880484303176484e-01,1.594001819762845204e-02
-9.578698237265163840e-02,1.511796258619351949e-02
-8.883601818147995877e-02,1.445254506539583352e-02
-8.307763357028120910e-02,1.381291568975292344e-02
-7.287489902368270156e-02,1.323382032688939086e-02
-6.658400791851946943e-02,1.272438077252571742e-02
-6.281809860897014097e-02,1.222375838390229313e-02
-5.706767928679330054e-02,1.175107387821003151e-02
-5.343941530055990735e-02,1.134464155507537708e-02
-4.852764543326441166e-02,1.093924494694571183e-02
-4.569652616967035536e-02,1.057949484011353088e-02
-4.355803573079399665e-02,1.024508367835111691e-02
-3.895891890679881869e-02,9.918452686548066138e-03
-3.692965127801126068e-02,9.618242434406320748e-03
-3.411197592976118742e-02,9.327367345407575408e-03
-3.263828774947167416e-02,9.061162149058589466e-03
-3.067838074603725790e-02,8.799187269749337431e-03
-2.848914059827468634e-02,8.558964945709072319e-03
-2.690260586310665863e-02,8.342536258388467962e-03
-2.594434685380580738e-02,8.132637873200284501e-03
1.015323049719409099e+01,9.817472923219967562e-01
nan,nan
8.642566851133617334e-01,1.001782951348976075e-01
3.152532909003318840e-01,9.611048434672327112e-02
-2.061728218713732019e-01,7.424632931809808933e-02
-4.636969176149409178e-01,5.949938682938076678e-02
-4.173216298938803304e-01,5.024639149505318730e-02
-3.507061491206638348e-01,4.265619968178575167e-02
-2.848264879430423835e-01,3.801741769412491506e-02
-2.017685398934679630e-01,3.382263508569023636e-02
-1.624650709556948180e-01,3.037050354123884202e-02
-1.234729825091282623e-01,2.782523618212542210e-02
-9.281531412414700810e-02,2.546801220390991841e-02
-7.685657863482096841e-02,2.363546288780293478e-02
-5.352767148364767635e-02,2.200205575786496476e-02
-4.907958181443993623e-02,2.054049193568630027e-02
-3.412942360039018103e-02,1.929388555248144274e-02
-2.247498736511304579e-02,1.816448593887246346e-02
-2.010975295272526137e-02,1.721523738185567337e-02
-1.796715717870830259e-02,1.634575764805932391e-02
-1.075070047936033633e-02,1.548032612559189711e-02
-1.197120616693205485e-02,1.479182540751552630e-02
-3.831117042960598389e-03,1.411168647459327095e-02
-9.460586331282582959e-03,1.354030604993651001e-02
-1.095200385251175095e-03,1.295949785691122812e-02
-4.563858202840886079e-03,1.245152646286976604e-02
-3.214128435371651994e-05,1.196384502933429614e-02
-1.903752807537967577e-03,1.153935351078380113e-02
1.089519244381119238e-03,1.112170862428018409e-02
-1.539262101765379552e-03,1.075651776813703157e-02
2.524502563062663418e-03,1.038353121802650623e-02
-1.165705455530577188e-03,1.007031074958848922e-02
3.158938795210760545e-03,9.736752544916330368e-03
4.597629159649936929e-04,9.454091447559343289e-03
2.684000035126038550e-03,9.179616522930582334e-03
9.514585295789900051e-04,8.919244305561350311e-03
2.711266488485158076e-03,8.672613626369731279e-03
1.230546216383661753e-03,8.446295292443159464e-03
2.717889954520423448e-03,8.218635671608144275e-03
1.127995213167404861e-03,8.014815514040072447e-03
