MAS,Ref
1.366444968818370187e+00,inf
-3.931308857374201660e-01,2.097121299432263830e-01
-9.735251587487996350e-01,1.327640683579434100e-01
-7.329165688519402311e-01,9.009552126456812915e-02
-5.225941466127451696e-01,7.393023989304886578e-02
-1.740093780787726474e-01,5.739397839912011023e-02
-5.139141097399543834e-02,4.991773237324994422e-02
4.052437451892947073e-02,4.176181069542804492e-02
1.159725804578820296e-01,3.771731307042346104e-02
1.068528582427521051e-01,3.319194357351972630e-02
1.426929781362588912e-01,3.018819479684069565e-02
1.320644360262333838e-01,2.739192109682613008e-02
1.362153659364822300e-01,2.530704557257886303e-02
1.274630225102900138e-01,2.330615243564118297e-02
1.210158544776015616e-01,2.184799558118301344e-02
1.138929680759930979e-01,2.027580532705660146e-02
1.067372556290863000e-01,1.914836049608129726e-02
9.259334861325529964e-02,1.797117365080320647e-02
9.111975233017968745e-02,1.708423739758763854e-02
8.360737474049481643e-02,1.615990860239366333e-02
7.722027379149262738e-02,1.537307057146088639e-02
7.230618631626592463e-02,1.463418899108498254e-02
6.539388506547826052e-02,1.402132369688270999e-02
6.374393823863873376e-02,1.339597394790085182e-02
5.667975638863659987e-02,1.287691285369488639e-02
5.443597295203467246e-02,1.233366102696157630e-02
4.973150643268939991e-02,1.188768646763182883e-02
4.719507616256790605e-02,1.143774742147557304e-02
4.359194846756372227e-02,1.105235116137080927e-02
4.204305097601548913e-02,1.066297927923572433e-02
3.806617667962411411e-02,1.032388666127757870e-02
3.751788906860629297e-02,9.984738073668418534e-03
3.367718825516403253e-02,9.683854572528436538e-03
3.286346474229206310e-02,9.381505341448567389e-03
3.036941454172170651e-02,9.127721434109125481e-03
2.940756109962820372e-02,8.853967432288381220e-03
2.724848409647748909e-02,8.624809028664899221e-03
2.647723009403776459e-02,8.386633855236318505e-03
2.456100055859979439e-02,8.174637743344191979e-03
2.430280012906302356e-02,7.965088389643765546e-03
6.628757717758123613e-01,inf
7.761595918368473512e-01,1.732495221744700109e-01
8.273020807848742442e-02,1.380279261064117635e-01
2.023889223699412432e-01,9.095599914159675781e-02
3.777589320710654786e-01,7.035403636665991944e-02
6.280772481258125595e-01,5.566569520488643535e-02
5.546292970716811821e-01,4.752479357547246402e-02
5.744441831718423153e-01,4.156221731362952365e-02
5.032398753046996021e-01,3.691025292072644404e-02
4.604868494058709238e-01,3.337222777591102724e-02
4.045154504635706250e-01,3.005237468816657209e-02
3.519614915334051131e-01,2.722668206354618772e-02
3.118622539403771432e-01,2.534562844951173885e-02
2.748557572550102135e-01,2.338460921564672335e-02
2.380831431620903105e-01,2.161608165944424800e-02
2.132927804843899044e-01,2.025724055592621753e-02
1.895230750166968514e-01,1.907305704641960864e-02
1.660133896252843633e-01,1.794526866755840819e-02
1.508255082476774311e-01,1.696254357663868131e-02
1.350869212164766131e-01,1.615169730480964239e-02
1.225801371091131409e-01,1.535631431821633981e-02
1.104145261546032458e-01,1.460408847381656529e-02
1.006088542606836111e-01,1.396737305288370777e-02
9.167003090353335881e-02,1.335247935029261306e-02
8.404071390471204439e-02,1.282195555741242644e-02
7.724262032336050299e-02,1.234171397111434587e-02
7.121172888973115178e-02,1.185918971889582917e-02
6.541827631124093323e-02,1.141422074024966982e-02
6.077571829189453573e-02,1.102595691732008096e-02
5.646882121221023093e-02,1.064520043677982288e-02
5.248808023202177625e-02,1.029999771699460082e-02
4.899368730506709763e-02,9.977180364658470510e-03
4.578971155484068412e-02,9.673605662022162835e-03
4.298377267062749446e-02,9.384726849092771273e-03
4.023889070786186573e-02,9.108575933989998888e-03
3.780226307962796656e-02,8.851016945281184670e-03
3.552412257451263711e-02,8.599892741236878774e-03
3.356221746600564215e-02,8.371524527341772659e-03
3.173104375432360402e-02,8.163993324920564010e-03
3.002560378811374581e-02,7.960188675906787123e-03
1.097986171732921790e+00,inf
1.839060569710409432e+00,2.208931407724490648e-01
9.444081703040160258e-01,1.336894061862488325e-01
9.895531650432485282e-01,8.914712941091131049e-02
1.196810081362168487e+00,6.796721749124406964e-02
1.126547654834798351e+00,5.810032699630331143e-02
1.014836383561643185e+00,4.845524426706448312e-02
8.461048789263936332e-01,4.213679012450499001e-02
6.852875898385845099e-01,3.672720423574171722e-02
5.593534650423340748e-01,3.275915044913862983e-02
4.708399145644170392e-01,3.020753599830049499e-02
3.852452869548038117e-01,2.742607874063169443e-02
3.199483746074500146e-01,2.507836419979196999e-02
2.671474847789976348e-01,2.318815547301848398e-02
2.282986493959900387e-01,2.169486763848257546e-02
1.936931775404732992e-01,2.034194290004721212e-02
1.671948931607536992e-01,1.900398037299967993e-02
1.449324219610795550e-01,1.790767381837356231e-02
1.271283031130999441e-01,1.696479658052189171e-02
1.128072515063414938e-01,1.610899864804742412e-02
9.749772120815086707e-02,1.532003951166619610e-02
8.884818640560997183e-02,1.462469340777422695e-02
7.868434567455413753e-02,1.399316246606700266e-02
6.915410212980209470e-02,1.338555826273708088e-02
6.352279419740607114e-02,1.284637692676680182e-02
5.621721370376130816e-02,1.232150737297588346e-02
5.204881665124250212e-02,1.185104432522002607e-02
4.676742304232126696e-02,1.143204896007877711e-02
4.271202007963874336e-02,1.102191750355679782e-02
4.001849416415723115e-02,1.065040756874916991e-02
3.611220951932828799e-02,1.028993077800496175e-02
3.351732011702094477e-02,9.968274194009880268e-03
3.124419905914521331e-02,9.678339222533558633e-03
2.931522494054311992e-02,9.379676099768266551e-03
2.728097313829887585e-02,9.104563269490687991e-03
2.527270975512811366e-02,8.843976812214968813e-03
2.393957322794441206e-02,8.609678280405349063e-03
2.216467932909004304e-02,8.379679044587530837e-03
2.091021607339760974e-02,8.154015125741230496e-03
1.954212931771814876e-02,7.945536941686072441e-03
6.628757717758134715e-01,inf
2.435567770157025524e+00,2.265570674589223454e-01
1.381134362679738770e+00,1.193866899599713011e-01
1.677408514924902061e+00,9.193689925458789491e-02
1.772457606215172010e+00,7.078591687486648909e-02
1.483089309861024274e+00,5.794424223868267776e-02
1.070253914469022405e+00,4.713939248980434510e-02
7.871527071426235311e-01,4.118230492382534552e-02
5.471163122926385736e-01,3.661240518314327896e-02
4.183341181482934656e-01,3.312770882507937859e-02
3.079674764947488708e-01,3.006764198805745789e-02
2.233922325011560572e-01,2.734790410577604344e-02
1.666601931604666798e-01,2.529145951709855719e-02
1.309696889830668787e-01,2.317408427370953525e-02
9.009186071990718525e-02,2.161254051883703189e-02
7.571173114909809931e-02,2.020452959702327689e-02
5.796116437048866310e-02,1.900388146301729836e-02
4.567053006437893359e-02,1.795822290114782241e-02
3.842156489387324458e-02,1.697867396668755954e-02
2.782741941040204128e-02,1.611494937965309016e-02
2.419220586130376924e-02,1.530478296244542312e-02
1.892399849942770843e-02,1.462691652236266203e-02
1.673627806102170185e-02,1.396297634937296826e-02
1.178011130596913134e-02,1.336917563444683238e-02
8.299735317497732023e-03,1.281783948529970768e-02
7.365599250925562030e-03,1.232966847469414359e-02
4.989928963939107599e-03,1.186644292609381410e-02
6.296275361834220187e-03,1.141587452274206091e-02
3.212287941450908419e-03,1.100426595930621872e-02
3.297251122058315886e-03,1.063542861936842346e-02
1.707179887027383261e-03,1.029483289527793194e-02
1.888777725214535247e-03,9.975806984615816220e-03
1.730507812163513794e-03,9.664488940798989652e-03
7.845375255384094216e-04,9.374541913272008489e-03
7.931989310795205077e-04,9.111477973569958796e-03
7.859013019190215586e-04,8.843018009046197184e-03
-1.160191166430765469e-04,8.604939193701645686e-03
1.925516304232578204e-04,8.374840367356068890e-03
-1.937365513127381814e-04,8.158120539409509722e-03
-1.678154250168149061e-04,7.953001180650088112e-03
6.628757717758106960e-01,inf
nan,nan
1.732734883583706864e+00,1.580373690079310556e-01
2.096734872789702830e+00,9.675465118158921296e-02
2.180392013936689466e+00,7.386316940019280186e-02
1.459244631625106869e+00,5.724280064521222733e-02
9.133649609467876518e-01,4.972899416485965923e-02
4.257936181529727859e-01,4.242965177536750510e-02
1.929931800335799863e-01,3.758733849113778114e-02
4.197062940669303577e-02,3.316741783896300783e-02
4.126373863131144702e-03,3.003447798703794830e-02
-6.663319997309681553e-02,2.755101951148026737e-02
-6.979601846998226278e-02,2.524864828331595257e-02
-9.093847761780596284e-02,2.338498659374349531e-02
-8.437414895408211490e-02,2.165505551478439511e-02
-8.513273187103037598e-02,2.034611957327025350e-02
-7.743322349220452261e-02,1.909489592587792703e-02
-7.810161729735522196e-02,1.800344736913944352e-02
-7.009456682991349608e-02,1.699393691494275466e-02
-6.685042445023749169e-02,1.615434812867267214e-02
-6.194573900245477910e-02,1.532472068397993693e-02
-5.656094688144705507e-02,1.459456109169923917e-02
-5.383569210707734448e-02,1.395437563244414196e-02
-4.861910110095464532e-02,1.336059682885125909e-02
-4.697998436289525098e-02,1.283609639958034968e-02
-4.293911106185192839e-02,1.232183773322644872e-02
-4.094292597820227420e-02,1.186409390821525738e-02
-3.648031709829924890e-02,1.144171042605336523e-02
-3.596504881627791972e-02,1.104584694227794296e-02
-3.283914204109498330e-02,1.065800358735667815e-02
-3.126297316136587151e-02,1.030903391233842746e-02
-2.929409434732168499e-02,9.965454757047445891e-03
-2.678544920404413859e-02,9.663532021303858702e-03
-2.613069076530772153e-02,9.378683003078204863e-03
-2.401472757691728438e-02,9.105767264823125956e-03
-2.336313956275960085e-02,8.848863259453554342e-03
-2.138946555806563871e-02,8.609230491405420529e-03
-2.102423075695276575e-02,8.383547259389044840e-03
-1.914358212264408166e-02,8.169232516560041499e-03
-1.896819540229132198e-02,7.958661083202894782e-03
9.599770461147569822e-01,inf
2.275862029378545870e+00,2.658898916705408899e-01
1.281799944458484442e+00,1.419118704183435498e-01
2.445088264524318600e+00,8.977044059445025981e-02
2.487610194123015095e+00,7.289635681843240067e-02
8.975170211307126333e-01,5.812456535516129230e-02
6.830513798810969490e-03,4.938549195417827470e-02
-3.207590115279481124e-01,4.201589888024256925e-02
-4.445083599904784966e-01,3.752495006015499346e-02
-4.066422720977561633e-01,3.338279625395383643e-02
-3.932446791735760838e-01,3.006192390938405845e-02
-3.380549381571791856e-01,2.745288993448831080e-02
-3.109398205469666721e-01,2.525751456859493330e-02
-2.643224993934392142e-01,2.347123802094137901e-02
-2.322058475467855820e-01,2.169002985577305614e-02
-2.060497659842011609e-01,2.032057077068303089e-02
-1.819208739524642848e-01,1.904324593103742455e-02
-1.630031556216469391e-01,1.799605707066923369e-02
-1.439017348549846420e-01,1.701527470958619573e-02
-1.293797710187492844e-01,1.614801833256243602e-02
-1.153632974171009268e-01,1.530649678259507311e-02
-1.050108835198291096e-01,1.459570446318503474e-02
-9.456700428237486966e-02,1.397117399136674036e-02
-8.622945515874641531e-02,1.336433521681115212e-02
-7.848226572078348395e-02,1.282721967592422886e-02
-7.229925336628385824e-02,1.232361625269886088e-02
-6.615102628522571970e-02,1.187596506641334926e-02
-6.120416521696042667e-02,1.144474833154360272e-02
-5.630401794791436987e-02,1.104125173325169393e-02
-5.200055413663933618e-02,1.064782745774245712e-02
-4.860520793581666471e-02,1.030773019898212350e-02
-4.487793442071156408e-02,9.970253039415372109e-03
-4.209617108544665143e-02,9.662871619204914733e-03
-3.911926711455539218e-02,9.373575687277204208e-03
-3.691398463051710072e-02,9.105670213055763740e-03
-3.442290359075837053e-02,8.853028224055417214e-03
-3.251964956538640900e-02,8.609546787742993271e-03
-3.047073614862089511e-02,8.380543620281085890e-03
-2.894585615588122010e-02,8.169361930588819529e-03
-2.717819724000684195e-02,7.962208696100953054e-03
6.628757717758128054e-01,inf
1.315845713372095327e+00,2.265570674589223177e-01
9.043487901635606230e-01,1.193866899599712178e-01
3.121871304818613080e+00,9.193689925458783940e-02
2.019173155143919374e+00,7.078591687486646133e-02
-8.815857029195951489e-01,5.794424223868264306e-02
-1.179138104164322076e+00,4.713939248980428959e-02
-1.080363807835740264e+00,4.118230492382528307e-02
-8.484720976058921504e-01,3.661240518314325121e-02
-6.949423995073079618e-01,3.312770882507934389e-02
-5.567191246828959716e-01,3.006764198805743707e-02
-4.487078453925916754e-01,2.734790410577602957e-02
-3.728562937705208191e-01,2.529145951709853291e-02
-3.023238193100643012e-01,2.317408427370953872e-02
-2.583662596083631802e-01,2.161254051883703189e-02
-2.181644662122485812e-01,2.020452959702323872e-02
-1.884407771666949949e-01,1.900388146301727407e-02
-1.639489071174125012e-01,1.795822290114778078e-02
-1.419445223621810526e-01,1.697867396668755260e-02
-1.262858823967209221e-01,1.611494937965307628e-02
-1.106939239540187109e-01,1.530478296244541098e-02
-9.929031076977916370e-02,1.462691652236264468e-02
-8.798146185324044743e-02,1.396297634937294398e-02
-8.014404324867994978e-02,1.336917563444681503e-02
-7.295547593269997855e-02,1.281783948529969727e-02
-6.599171535919877429e-02,1.232966847469412972e-02
-6.057185765751147560e-02,1.186644292609381236e-02
-5.422468457227212074e-02,1.141587452274205571e-02
-5.041729735124462347e-02,1.100426595930621351e-02
-4.622562560570624840e-02,1.063542861936840091e-02
-4.300864881756545632e-02,1.029483289527792500e-02
-3.968022769991520066e-02,9.975806984615811016e-03
-3.659669794059985243e-02,9.664488940798977509e-03
-3.432250621556618558e-02,9.374541913271994611e-03
-3.189567320036696546e-02,9.111477973569951858e-03
-2.960427922757579572e-02,8.843018009046179836e-03
-2.806882581178183830e-02,8.604939193701640482e-03
-2.610343995215411508e-02,8.374840367356065421e-03
-2.467386425437718966e-02,8.158120539409506253e-03
-2.315199477556977026e-02,7.953001180650082907e-03
4.800277929490702755e-01,inf
3.392624118077122719e-01,2.208931407724491758e-01
-1.715546124740637002e-01,1.336894061862489436e-01
3.084374121486570530e+00,8.914712941091131049e-02
-1.105653004493897917e+00,6.796721749124408352e-02
-3.263623341988756810e+00,5.810032699630331837e-02
-1.957217011957660624e+00,4.845524426706451782e-02
-1.160803973480209139e+00,4.213679012450496919e-02
-7.370890930190379109e-01,3.672720423574173110e-02
-5.179398667774636200e-01,3.275915044913863677e-02
-3.869516210174519522e-01,3.020753599830050887e-02
-2.815504790408382418e-01,2.742607874063171525e-02
-2.149234013777309438e-01,2.507836419979198733e-02
-1.736270042304824679e-01,2.318815547301848051e-02
-1.427870971163884561e-01,2.169486763848259281e-02
-1.221309895928704981e-01,2.034194290004720518e-02
-9.461117424805300102e-02,1.900398037299965912e-02
-8.235014675170380938e-02,1.790767381837354150e-02
-6.908504427044619145e-02,1.696479658052189171e-02
-5.916061396987031679e-02,1.610899864804743106e-02
-5.434229879782728062e-02,1.532003951166618048e-02
-4.526686557561001439e-02,1.462469340777423389e-02
-4.151788994910723257e-02,1.399316246606700440e-02
-3.818683960484976769e-02,1.338555826273709823e-02
-3.292664984601346989e-02,1.284637692676680702e-02
-3.074208807945777444e-02,1.232150737297587999e-02
-2.681397311034209446e-02,1.185104432522003301e-02
-2.527829471808580933e-02,1.143204896007878404e-02
-2.304861896499795643e-02,1.102191750355678741e-02
-2.020417379587325507e-02,1.065040756874918726e-02
-1.922491310727909158e-02,1.028993077800496869e-02
-1.768235233829306211e-02,9.968274194009876799e-03
-1.620530241796278373e-02,9.678339222533562103e-03
-1.454554229811325962e-02,9.379676099768259612e-03
-1.355452089131943191e-02,9.104563269490682786e-03
-1.274448976967593357e-02,8.843976812214965344e-03
-1.166493844187436665e-02,8.609678280405357736e-03
-1.110088596890382653e-02,8.379679044587536041e-03
-1.025001109360028188e-02,8.154015125741239170e-03
-9.739699393595851323e-03,7.945536941686072441e-03
6.628757717758115842e-01,inf
2.830524705858165069e-01,1.732495221744700109e-01
-6.723831761792070649e-01,1.380279261064118190e-01
-7.866127461318453973e-01,9.095599914159670230e-02
-6.279712194182419438e+00,7.035403636665991944e-02
-3.031881075513406909e+00,5.566569520488647699e-02
-4.840925072385104388e-01,4.752479357547244321e-02
-1.570189438762186473e-01,4.156221731362953753e-02
6.873070440188910890e-02,3.691025292072642322e-02
7.188961375955602029e-02,3.337222777591101336e-02
7.166582758801262609e-02,3.005237468816656862e-02
7.217849379281943145e-02,2.722668206354620854e-02
6.709627105656290613e-02,2.534562844951175967e-02
5.446685241061851451e-02,2.338460921564671641e-02
5.010225111552323723e-02,2.161608165944424800e-02
3.780101972005717181e-02,2.025724055592621753e-02
4.125394995630886352e-02,1.907305704641961211e-02
4.041047277937201421e-02,1.794526866755840819e-02
3.034296756764971043e-02,1.696254357663867438e-02
3.190284063470432557e-02,1.615169730480965626e-02
2.474949842840507702e-02,1.535631431821634155e-02
2.547514661481582732e-02,1.460408847381654794e-02
2.149115273932240139e-02,1.396737305288370083e-02
1.767140215211888618e-02,1.335247935029261999e-02
1.849612880481933327e-02,1.282195555741242471e-02
1.712542874688659927e-02,1.234171397111435801e-02
1.459099700272053525e-02,1.185918971889583437e-02
1.380020672187429534e-02,1.141422074024966461e-02
1.246229158928710730e-02,1.102595691732008790e-02
1.216851575533029958e-02,1.064520043677982114e-02
1.092161973180970878e-02,1.029999771699458867e-02
9.626529031361130695e-03,9.977180364658472245e-03
9.969796711201768871e-03,9.673605662022169774e-03
9.096719557514265295e-03,9.384726849092781681e-03
8.745752199096425844e-03,9.108575933989991949e-03
7.880331905677323903e-03,8.851016945281177731e-03
7.387634033031329969e-03,8.599892741236882243e-03
7.204305431636399623e-03,8.371524527341776128e-03
6.816592414295255878e-03,8.163993324920560540e-03
6.195039426935827244e-03,7.960188675906788858e-03
6.628757717758120283e-01,inf
nan,nan
-3.580677811921402665e+00,9.817472923219965064e-02
-1.115002306677091148e+01,9.476716358342718305e-02
-1.959083594059590760e+00,7.361415046799960060e-02
3.001859243314199066e+00,5.869063521094543268e-02
2.448909715859682201e+00,4.975340281234832962e-02
1.396571847977855718e+00,4.220697495744628325e-02
9.395886092214590368e-01,3.761727819585632127e-02
6.982032117795489157e-01,3.353951738395136856e-02
5.021279954962848402e-01,3.007901501471434841e-02
3.945041047625555408e-01,2.757144527879819285e-02
3.140137594247525699e-01,2.524106149515717781e-02
2.518592666047757556e-01,2.340705441385916227e-02
2.142731206055928372e-01,2.181718354584661484e-02
1.733593503403116354e-01,2.033584334835008070e-02
1.509888474760908705e-01,1.912378676998994012e-02
1.319173427631695483e-01,1.802224665114127503e-02
1.131355737655263399e-01,1.706943844717033823e-02
9.791248489547466072e-02,1.619988198879871236e-02
8.738521046490094202e-02,1.535748636430819825e-02
7.589399464539618723e-02,1.466016277666677171e-02
7.025928920450094650e-02,1.401151001146390927e-02
6.004705142657180972e-02,1.341591386597035772e-02
5.683216872878039949e-02,1.286993110259718014e-02
4.970646848359943498e-02,1.234848754405923343e-02
4.647608161181878556e-02,1.188095330477006648e-02
4.157049375402493280e-02,1.145024452238054512e-02
3.887680989450705005e-02,1.104705652570397816e-02
3.474721616205639352e-02,1.067275771436908445e-02
3.320536298723333890e-02,1.031925306374737242e-02
2.946551036980297328e-02,9.992374985795955331e-03
2.858121994119309020e-02,9.679735723050546595e-03
2.569060840699307485e-02,9.387581999689434409e-03
2.458776398865929191e-02,9.124901692195725583e-03
2.242435301220107799e-02,8.859151307554831434e-03
2.145889655025786172e-02,8.622303408603322616e-03
1.972770179081251990e-02,8.391478176699641855e-03
1.889694394933218863e-02,8.172412091498585177e-03
1.736825796500891805e-02,7.963411294789106420e-03
-7.142866049837405251e-01,inf
-4.407996255161148458e-01,2.556633573755199285e-01
-4.059690723607032870e-01,1.327640683579433822e-01
-9.306718894389445218e-01,9.543882396507520627e-02
1.970403631213708451e+01,7.393023989304883803e-02
8.585434067456942486e+00,5.896021908375725235e-02
4.002947502710101801e+00,4.991773237324993728e-02
1.990646909757354921e+00,4.246842315733564271e-02
1.264606685940324216e+00,3.771731307042350267e-02
8.734325248218436366e-01,3.361029680938613234e-02
6.246048079528703223e-01,3.018819479684071994e-02
4.788072356278911257e-01,2.762220345946361788e-02
3.753166209241945439e-01,2.530704557257889425e-02
2.998480805444496133e-01,2.344512249284979449e-02
2.497217954916292337e-01,2.184799558118301344e-02
2.034426177138289327e-01,2.036540900836502146e-02
1.742308392304786624e-01,1.914836049608131807e-02
1.500173676242011200e-01,1.804279521735015906e-02
1.287824916920297380e-01,1.708423739758762813e-02
1.114539730452885069e-01,1.620959394605074252e-02
9.828798163634731855e-02,1.537307057146089680e-02
8.580559175441457298e-02,1.466991388239748118e-02
7.797485389817310208e-02,1.402132369688270652e-02
6.770223932591566685e-02,1.342227929478607105e-02
6.267079560898465573e-02,1.287691285369488813e-02
5.537426085280550137e-02,1.235466031618711116e-02
5.107487083935799421e-02,1.188768646763183924e-02
4.593009600359512778e-02,1.145516971133543963e-02
4.250690886512396155e-02,1.105235116137081273e-02
3.830282334062864308e-02,1.067651783527656835e-02
3.604733825699451416e-02,1.032388666127758217e-02
3.238767038617922089e-02,9.995426845830875789e-03
3.087222715796760289e-02,9.683854572528436538e-03
2.801015607544827743e-02,9.390752434903672577e-03
2.652759534839866165e-02,9.127721434109122012e-03
2.434239956944157443e-02,8.861733938641284600e-03
2.307994965459554335e-02,8.624809028664899221e-03
2.133390284818369176e-02,8.393341769915664552e-03
2.026315201168402830e-02,8.174637743344191979e-03
1.874263307907741982e-02,7.965088389643774219e-03
6.628757717758122503e-01,inf
-3.652099927437828519e-01,1.732495221744700387e-01
1.239488681466264230e+00,1.380279261064117358e-01
9.541233778842858726e+00,9.095599914159670230e-02
1.382393453582143605e+00,7.035403636666000271e-02
-3.883939550519659445e-01,5.566569520488635903e-02
9.368242893455065445e-01,4.752479357547242933e-02
5.233166775574903395e-01,4.156221731362949590e-02
4.815451675391227981e-01,3.691025292072645098e-02
3.350180679174446507e-01,3.337222777591100642e-02
2.463875694708222430e-01,3.005237468816657903e-02
1.971718413962513239e-01,2.722668206354618772e-02
1.609675928451432536e-01,2.534562844951172150e-02
1.252582727796381357e-01,2.338460921564670947e-02
1.037083213381956720e-01,2.161608165944425494e-02
8.018802189788599988e-02,2.025724055592619324e-02
7.672990672693451308e-02,1.907305704641959476e-02
6.850931379942941379e-02,1.794526866755840125e-02
5.352610600577773631e-02,1.696254357663866397e-02
5.141632491282176892e-02,1.615169730480963545e-02
4.076978587501770696e-02,1.535631431821632940e-02
3.923884211852769754e-02,1.460408847381656529e-02
3.298216854750374988e-02,1.396737305288370430e-02
2.722904697042477506e-02,1.335247935029261306e-02
2.698001142323212809e-02,1.282195555741242124e-02
2.442287663475928294e-02,1.234171397111434067e-02
2.083061805541952527e-02,1.185918971889582570e-02
1.916496414626964184e-02,1.141422074024965594e-02
1.714043784149432703e-02,1.102595691732007055e-02
1.636125667203189304e-02,1.064520043677981767e-02
1.452982037145044564e-02,1.029999771699459214e-02
1.274540321008682010e-02,9.977180364658463571e-03
1.281471029735323751e-02,9.673605662022162835e-03
1.162403599472003855e-02,9.384726849092766068e-03
1.098373683270404896e-02,9.108575933989983275e-03
9.829799757649818059e-03,8.851016945281181200e-03
9.107557741677665963e-03,8.599892741236878774e-03
8.777078297492191261e-03,8.371524527341776128e-03
8.214240993615966671e-03,8.163993324920564010e-03
7.415049316265832913e-03,7.960188675906790592e-03
-2.600648577360966662e-01,inf
-9.824001542713903801e-01,2.208931407724491758e-01
8.653750589038645691e-01,1.336894061862488048e-01
3.680182808734697719e+00,8.914712941091133824e-02
-3.981886023506401528e+00,6.796721749124406964e-02
-4.028271128700382953e+00,5.810032699630327674e-02
-2.139085697860310997e+00,4.845524426706452475e-02
-1.158266857977622522e+00,4.213679012450496225e-02
-7.351121975838541545e-01,3.672720423574175191e-02
-5.209418659197669887e-01,3.275915044913863677e-02
-3.879859605122235600e-01,3.020753599830050540e-02
-2.830954343016965913e-01,2.742607874063170831e-02
-2.176758730832356048e-01,2.507836419979197692e-02
-1.814303093049703108e-01,2.318815547301849092e-02
-1.518354050196341620e-01,2.169486763848258240e-02
-1.343648142192459538e-01,2.034194290004722946e-02
-1.038750089769679003e-01,1.900398037299967646e-02
-9.217591110830591905e-02,1.790767381837354844e-02
-7.852193603810801725e-02,1.696479658052189518e-02
-6.787240614777645398e-02,1.610899864804742065e-02
-6.481473878207300032e-02,1.532003951166619957e-02
-5.379494522993903682e-02,1.462469340777423389e-02
-5.057296246879224022e-02,1.399316246606699919e-02
-4.792593708064376429e-02,1.338555826273709302e-02
-4.146593570389803945e-02,1.284637692676680355e-02
-3.973665740149254222e-02,1.232150737297588866e-02
-3.473175482785095108e-02,1.185104432522002607e-02
-3.341830694833034660e-02,1.143204896007878578e-02
-3.084541153939683242e-02,1.102191750355679956e-02
-2.716660164742517106e-02,1.065040756874917685e-02
-2.633027860925466271e-02,1.028993077800496522e-02
-2.439136298846204462e-02,9.968274194009878533e-03
-2.258422329977570822e-02,9.678339222533556899e-03
-2.045072447500670063e-02,9.379676099768266551e-03
-1.920576866429388532e-02,9.104563269490693195e-03
-1.826567350151950958e-02,8.843976812214968813e-03
-1.680961518683146347e-02,8.609678280405342124e-03
-1.620589987264722115e-02,8.379679044587532571e-03
-1.507085503998464512e-02,8.154015125741233966e-03
-1.443310406111431715e-02,7.945536941686077645e-03
6.628757717758113621e-01,inf
-6.103424741636602757e-01,2.265570674589216238e-01
1.101250481479891352e+00,1.193866899599712594e-01
2.154833859426575238e+00,9.193689925458785328e-02
-1.581859959699662310e+00,7.078591687486640582e-02
-3.667048011710721589e+00,5.794424223868266388e-02
-2.742588899636816624e+00,4.713939248980432428e-02
-2.010508008105062583e+00,4.118230492382531083e-02
-1.528953052701268689e+00,3.661240518314326509e-02
-1.162956980354675984e+00,3.312770882507938552e-02
-9.144871605767399547e-01,3.006764198805744748e-02
-7.314434079524461119e-01,2.734790410577602263e-02
-6.072654515924570395e-01,2.529145951709853984e-02
-4.839150213530200029e-01,2.317408427370954219e-02
-4.236130872919196544e-01,2.161254051883705618e-02
-3.525094348190419002e-01,2.020452959702327342e-02
-3.063036825835243615e-01,1.900388146301729142e-02
-2.675416814898723961e-01,1.795822290114780159e-02
-2.311994338537438909e-01,1.697867396668756648e-02
-2.083902134863891975e-01,1.611494937965307975e-02
-1.821664592063853561e-01,1.530478296244541098e-02
-1.645479417717219117e-01,1.462691652236265683e-02
-1.457914977636068643e-01,1.396297634937296132e-02
-1.343307304819996439e-01,1.336917563444683932e-02
-1.234192707057038818e-01,1.281783948529970595e-02
-1.117490422471070638e-01,1.232966847469413492e-02
-1.034631356913839895e-01,1.186644292609381236e-02
-9.171727732669902877e-02,1.141587452274205571e-02
-8.678294037597349131e-02,1.100426595930622045e-02
-7.928254007784743540e-02,1.063542861936842172e-02
-7.466749226686351937e-02,1.029483289527793367e-02
-6.867420484521596924e-02,9.975806984615816220e-03
-6.352264211582560327e-02,9.664488940798996591e-03
-5.999038402278091681e-02,9.374541913271998081e-03
-5.583767527111264256e-02,9.111477973569962266e-03
-5.190220899445464192e-02,8.843018009046191980e-03
-4.964280955427610720e-02,8.604939193701638747e-03
-4.612073656838760333e-02,8.374840367356070625e-03
-4.378138573762590385e-02,8.158120539409513192e-03
-4.116680699868206783e-02,7.953001180650088112e-03
6.628757717758128054e-01,inf
nan,nan
7.636030439680495663e-01,1.580373690079312776e-01
1.676102791026113037e+00,9.675465118158922684e-02
-2.594091732632374248e-01,7.386316940019289901e-02
-2.138105212814508160e+00,5.724280064521230366e-02
-2.393608872630475837e+00,4.972899416485968699e-02
-2.001386523887292768e+00,4.242965177536753979e-02
-1.682524820814031763e+00,3.758733849113780889e-02
-1.359123861093461727e+00,3.316741783896303558e-02
-1.123946515383791533e+00,3.003447798703796912e-02
-9.505376351488346032e-01,2.755101951148028819e-02
-7.921027216153875283e-01,2.524864828331599073e-02
-6.811957048836977391e-01,2.338498659374351266e-02
-5.765519029067874834e-01,2.165505551478439511e-02
-5.055647580801280183e-01,2.034611957327027085e-02
-4.368379070363608840e-01,1.909489592587793397e-02
-3.881715279310499755e-01,1.800344736913945393e-02
-3.397676571434023463e-01,1.699393691494274078e-02
-3.051137182404692894e-01,1.615434812867268949e-02
-2.714455528479198798e-01,1.532472068397993867e-02
-2.430957355695005928e-01,1.459456109169925304e-02
-2.210051239907710741e-01,1.395437563244414196e-02
-1.994895845419960290e-01,1.336059682885126949e-02
-1.837473909006451522e-01,1.283609639958036182e-02
-1.672064819787915102e-01,1.232183773322644525e-02
-1.545264347631069013e-01,1.186409390821527299e-02
-1.407409499509279793e-01,1.144171042605336870e-02
-1.319749174459723118e-01,1.104584694227796031e-02
-1.212064261714455443e-01,1.065800358735668855e-02
-1.131367379541904639e-01,1.030903391233843613e-02
-1.050599880650227164e-01,9.965454757047454565e-03
-9.729583580338212190e-02,9.663532021303858702e-03
-9.203013553145160397e-02,9.378683003078213537e-03
-8.554822294384797909e-02,9.105767264823125956e-03
-8.111235687805233574e-02,8.848863259453559546e-03
-7.552737700028476497e-02,8.609230491405430938e-03
-7.211884929794497301e-02,8.383547259389053513e-03
-6.717055140549688108e-02,8.169232516560043234e-03
-6.443725738737793307e-02,7.958661083202905190e-03
-5.379975161924535065e-01,inf
6.362458764715775428e-02,2.658898916705404458e-01
1.514559955626874732e+00,1.419118704183434387e-01
1.500586010104786094e+00,8.977044059445020430e-02
6.069560350535256887e-01,7.289635681843228965e-02
-6.388527871941678260e-01,5.812456535516125761e-02
-1.131298890980797056e+00,4.938549195417825388e-02
-1.263598758720204218e+00,4.201589888024248598e-02
-1.182382077717380575e+00,3.752495006015497264e-02
-1.099645056907682994e+00,3.338279625395376704e-02
-9.437188200802576477e-01,3.006192390938402723e-02
-8.491366440262653192e-01,2.745288993448827611e-02
-7.293277916248571691e-01,2.525751456859489860e-02
-6.572198274500158366e-01,2.347123802094135125e-02
-5.681692612031981060e-01,2.169002985577302145e-02
-5.056417945629719801e-01,2.032057077068303089e-02
-4.441215311042348013e-01,1.904324593103740373e-02
-4.002730972890625183e-01,1.799605707066921287e-02
-3.571975358485432461e-01,1.701527470958615756e-02
-3.231811586403824377e-01,1.614801833256243255e-02
-2.898468021186578203e-01,1.530649678259505923e-02
-2.628472522809488510e-01,1.459570446318501392e-02
-2.404951980845962123e-01,1.397117399136671434e-02
-2.193829323001334208e-01,1.336433521681115212e-02
-2.016627566227202073e-01,1.282721967592421498e-02
-1.854428201554444156e-01,1.232361625269884527e-02
-1.716578116053866510e-01,1.187596506641333538e-02
-1.585394061154465073e-01,1.144474833154359404e-02
-1.473746495919007471e-01,1.104125173325168525e-02
-1.364443304576066773e-01,1.064782745774243283e-02
-1.276843807020750787e-01,1.030773019898210963e-02
-1.188732433378758141e-01,9.970253039415356497e-03
-1.113734439548894339e-01,9.662871619204923407e-03
-1.043886915002216753e-01,9.373575687277197269e-03
-9.829484456966916528e-02,9.105670213055746393e-03
-9.248779714395156948e-02,8.853028224055413745e-03
-8.729336812966208281e-02,8.609546787742995005e-03
-8.237415244865364805e-02,8.380543620281084155e-03
-7.810179362433596062e-02,8.169361930588807386e-03
-7.389535783892506315e-02,7.962208696100940911e-03
6.628757717758132495e-01,inf
1.295523544421030460e+00,2.265570674589224009e-01
1.821926625091161656e+00,1.193866899599713011e-01
1.789723677657513834e+00,9.193689925458793655e-02
1.109358486930356325e+00,7.078591687486648909e-02
5.079309555866092785e-01,5.794424223868267776e-02
-1.566367987426822150e-01,4.713939248980433122e-02
-3.572296144413206753e-01,4.118230492382535940e-02
-5.237952326126272817e-01,3.661240518314329978e-02
-5.184283474146000881e-01,3.312770882507937859e-02
-5.167517907885752493e-01,3.006764198805742666e-02
-4.960280157951473812e-01,2.734790410577603997e-02
-4.688126517171855578e-01,2.529145951709855372e-02
-4.150872431813623642e-01,2.317408427370954566e-02
-3.964459658443653667e-01,2.161254051883704577e-02
-3.528337489011399430e-01,2.020452959702326648e-02
-3.244280138712687944e-01,1.900388146301730530e-02
-2.970999108010384249e-01,1.795822290114781547e-02
-2.684724597352683428e-01,1.697867396668756301e-02
-2.497019726502593129e-01,1.611494937965309363e-02
-2.263077482388571871e-01,1.530478296244540924e-02
-2.096738088012087275e-01,1.462691652236266376e-02
-1.912534230271758784e-01,1.396297634937295092e-02
-1.789714514682783364e-01,1.336917563444682197e-02
-1.668550352277760607e-01,1.281783948529971462e-02
-1.542297630032083422e-01,1.232966847469413665e-02
-1.443448544248712995e-01,1.186644292609380542e-02
-1.318625785357381286e-01,1.141587452274205744e-02
-1.246654881545498222e-01,1.100426595930623086e-02
-1.161067309660173269e-01,1.063542861936841652e-02
-1.095872600712190365e-01,1.029483289527792500e-02
-1.025403189130690423e-01,9.975806984615826628e-03
-9.599340574833198358e-02,9.664488940798984448e-03
-9.094486031505986945e-02,9.374541913272013693e-03
-8.561216886248396163e-02,9.111477973569960531e-03
-8.047194059683289435e-02,8.843018009046198918e-03
-7.681308352094802505e-02,8.604939193701645686e-03
-7.233902105346043387e-02,8.374840367356070625e-03
-6.888501517595917167e-02,8.158120539409513192e-03
-6.529543195424941660e-02,7.953001180650086377e-03
3.098487720560987868e-01,inf
1.593744010673220579e+00,2.208931407724490925e-01
2.081304259722631667e+00,1.336894061862488881e-01
1.810537374752933193e+00,8.914712941091129661e-02
1.371746404196908742e+00,6.796721749124404188e-02
9.972989875551208083e-01,5.810032699630333919e-02
5.664575988239963777e-01,4.845524426706450394e-02
3.062841177624845423e-01,4.213679012450498307e-02
1.086497224957157226e-01,3.672720423574170334e-02
-1.114062283644693882e-02,3.275915044913865065e-02
-6.727587763307943391e-02,3.020753599830048805e-02
-1.012375001681432019e-01,2.742607874063170831e-02
-1.200633066677676691e-01,2.507836419979199774e-02
-1.355241608553993671e-01,2.318815547301849092e-02
-1.395734153220926921e-01,2.169486763848259628e-02
-1.447522994378610262e-01,2.034194290004723640e-02
-1.306068809711984358e-01,1.900398037299968687e-02
-1.286874783899477903e-01,1.790767381837355190e-02
-1.209265754696680073e-01,1.696479658052189518e-02
-1.138396207893103002e-01,1.610899864804742759e-02
-1.128616711797049560e-01,1.532003951166619436e-02
-1.022616229460928255e-01,1.462469340777423389e-02
-9.919116121011062326e-02,1.399316246606700266e-02
-9.593639449307013456e-02,1.338555826273708955e-02
-8.820376601030892327e-02,1.284637692676680182e-02
-8.528445147518096126e-02,1.232150737297588866e-02
-7.867770377652642810e-02,1.185104432522002087e-02
-7.606630744376523257e-02,1.143204896007877537e-02
-7.189881814822182693e-02,1.102191750355679088e-02
-6.640613368185009635e-02,1.065040756874918899e-02
-6.414133953835228497e-02,1.028993077800496002e-02
-6.076836570592308862e-02,9.968274194009876799e-03
-5.746828093887059591e-02,9.678339222533549960e-03
-5.369919288033832977e-02,9.379676099768257877e-03
-5.115593140595261351e-02,9.104563269490689725e-03
-4.892799659638984860e-02,8.843976812214958405e-03
-4.622166025826781460e-02,8.609678280405356002e-03
-4.444592823141575721e-02,8.379679044587522163e-03
-4.212063199643699407e-02,8.154015125741242639e-03
-4.046702892894071119e-02,7.945536941686082849e-03
6.628757717758123613e-01,inf
1.589252516810847116e+00,1.732495221744698721e-01
1.805547807764254831e+00,1.380279261064117080e-01
1.674333191531702569e+00,9.095599914159670230e-02
1.398916260511920084e+00,7.035403636665986393e-02
1.093947508809130387e+00,5.566569520488640760e-02
8.513186582966892901e-01,4.752479357547242933e-02
6.334436892000646635e-01,4.156221731362952365e-02
4.970098472372365128e-01,3.691025292072638159e-02
3.718748296745337245e-01,3.337222777591103418e-02
2.701845749507212346e-01,3.005237468816656515e-02
2.030590095218277880e-01,2.722668206354617731e-02
1.559139463925729441e-01,2.534562844951173885e-02
1.126226518282999328e-01,2.338460921564671641e-02
8.352583244664003870e-02,2.161608165944425494e-02
5.531945221640680033e-02,2.025724055592620365e-02
4.832694243335887430e-02,1.907305704641959129e-02
3.893105414513060858e-02,1.794526866755840125e-02
2.191143061039782167e-02,1.696254357663867091e-02
2.056167059505463121e-02,1.615169730480964239e-02
8.776864130489126989e-03,1.535631431821633808e-02
8.839384814132118101e-03,1.460408847381655835e-02
2.556578795101932099e-03,1.396737305288370430e-02
-3.270839950647708334e-03,1.335247935029261132e-02
-1.538667189904283344e-03,1.282195555741242471e-02
-3.080659327177044052e-03,1.234171397111434414e-02
-6.409499804364573138e-03,1.185918971889584131e-02
-6.762252714784674872e-03,1.141422074024966461e-02
-8.117668824125016253e-03,1.102595691732007749e-02
-7.512424071567681653e-03,1.064520043677980726e-02
-8.694785370478040620e-03,1.029999771699459388e-02
-1.003637719631826630e-02,9.977180364658470510e-03
-8.283722623332925514e-03,9.673605662022162835e-03
-8.902945760624643781e-03,9.384726849092769538e-03
-8.500916684682511062e-03,9.108575933989995418e-03
-9.204596082446130437e-03,8.851016945281172527e-03
-9.186122300547185787e-03,8.599892741236883978e-03
-8.620027569547390744e-03,8.371524527341783067e-03
-8.530948207148910875e-03,8.163993324920557071e-03
-8.967875923519844084e-03,7.960188675906788858e-03
6.628757717758123613e-01,inf
nan,nan
1.331519308894016040e+00,9.817472923219965064e-02
1.388585824628463028e+00,9.476716358342728019e-02
1.175180961328199603e+00,7.361415046799958672e-02
1.040761349247587120e+00,5.869063521094544655e-02
8.640464275682558926e-01,4.975340281234829493e-02
7.045298367680959961e-01,4.220697495744629713e-02
5.939244414865803012e-01,3.761727819585634902e-02
4.932216584351350463e-01,3.353951738395141019e-02
4.046335278879109598e-01,3.007901501471437616e-02
3.422126237803456150e-01,2.757144527879819978e-02
2.869118702299787160e-01,2.524106149515716740e-02
2.421881231154764114e-01,2.340705441385916574e-02
2.102597049496706116e-01,2.181718354584660444e-02
1.756729810061486152e-01,2.033584334835008764e-02
1.547188981385391182e-01,1.912378676998994706e-02
1.366680588168527888e-01,1.802224665114126462e-02
1.183329046611872049e-01,1.706943844717032782e-02
1.029035997723833085e-01,1.619988198879870195e-02
9.231868918952124137e-02,1.535748636430819131e-02
7.981677385129533342e-02,1.466016277666677692e-02
7.479979573332665166e-02,1.401151001146391274e-02
6.247643418878721933e-02,1.341591386597035772e-02
6.045615730424990647e-02,1.286993110259718708e-02
5.164426232662654159e-02,1.234848754405922823e-02
4.903720083570250327e-02,1.188095330477007341e-02
4.296139650226323686e-02,1.145024452238053818e-02
4.070619436290431881e-02,1.104705652570396948e-02
3.519978085077422186e-02,1.067275771436908272e-02
3.472026176443580858e-02,1.031925306374737242e-02
2.922391954174016065e-02,9.992374985795958800e-03
2.974011311994332815e-02,9.679735723050550064e-03
2.548659378123182412e-02,9.387581999689425735e-03
2.509141507582987249e-02,9.124901692195737726e-03
2.199286166001255399e-02,8.859151307554829699e-03
2.163145504239740238e-02,8.622303408603317412e-03
1.910372468753471914e-02,8.391478176699655733e-03
1.883054359393438945e-02,8.172412091498579972e-03
1.646231362512089527e-02,7.963411294789097747e-03
-5.233203941722404107e-01,inf
2.188027553502726319e-01,2.556633573755199285e-01
6.904677794265218216e-01,1.327640683579434933e-01
6.402582776552976362e-01,9.543882396507520627e-02
7.094719526376443985e-01,7.393023989304881027e-02
5.894871346205912133e-01,5.896021908375719683e-02
5.792705541522844559e-01,4.991773237324991647e-02
5.082940506151859550e-01,4.246842315733564271e-02
4.511532960854913177e-01,3.771731307042346104e-02
4.082520643297924412e-01,3.361029680938611153e-02
3.506015930340313780e-01,3.018819479684068871e-02
3.103680672863728396e-01,2.762220345946364217e-02
2.728590191292399880e-01,2.530704557257886997e-02
2.392460473735280868e-01,2.344512249284979102e-02
2.148665759354982108e-01,2.184799558118300997e-02
1.876440247241536741e-01,2.036540900836501800e-02
1.694625978188805115e-01,1.914836049608131113e-02
1.528812471943159224e-01,1.804279521735015906e-02
1.370624587176772491e-01,1.708423739758763854e-02
1.234190181704628575e-01,1.620959394605074599e-02
1.121235164981747717e-01,1.537307057146089333e-02
1.014460765571288947e-01,1.466991388239747771e-02
9.359021481387902464e-02,1.402132369688270826e-02
8.465275785105798312e-02,1.342227929478606412e-02
7.863928347383647433e-02,1.287691285369487425e-02
7.188117628184853558e-02,1.235466031618710596e-02
6.666526644518110112e-02,1.188768646763183057e-02
6.157479133959805478e-02,1.145516971133544136e-02
5.723572880525391871e-02,1.105235116137080580e-02
5.314883316587996898e-02,1.067651783527656141e-02
4.962519465775418193e-02,1.032388666127758044e-02
4.629798003052638944e-02,9.995426845830868851e-03
4.337426350835973249e-02,9.683854572528427865e-03
4.065220169794213356e-02,9.390752434903663903e-03
3.818778717157580299e-02,9.127721434109120277e-03
3.598610300584346305e-02,8.861733938641293273e-03
3.382288953045125418e-02,8.624809028664906160e-03
3.206769610354946731e-02,8.393341769915661083e-03
3.015458349729112711e-02,8.174637743344191979e-03
2.870411386920871180e-02,7.965088389643763811e-03
6.628757717758114731e-01,inf
-9.189743704509278910e-01,1.732495221744699276e-01
-3.496141188825040991e-01,1.380279261064117635e-01
-1.406299000150181833e-01,9.095599914159670230e-02
4.757824722202475681e-02,7.035403636665989169e-02
5.345163139249268364e-02,5.566569520488641454e-02
1.651400942216789403e-01,4.752479357547242933e-02
1.505717042203300882e-01,4.156221731362951671e-02
1.814039688093485592e-01,3.691025292072643016e-02
1.712830889891807096e-01,3.337222777591102724e-02
1.604604723969164093e-01,3.005237468816657556e-02
1.526192835480666699e-01,2.722668206354617731e-02
1.442154047511268744e-01,2.534562844951173191e-02
1.305512542621179439e-01,2.338460921564671294e-02
1.208276317050568649e-01,2.161608165944425494e-02
1.074323018571354121e-01,2.025724055592620018e-02
1.042065355088613449e-01,1.907305704641959129e-02
9.806972102510372324e-02,1.794526866755839778e-02
8.666902525734100637e-02,1.696254357663867438e-02
8.348377232580057872e-02,1.615169730480964586e-02
7.438646640318820336e-02,1.535631431821632940e-02
7.103677724982063180e-02,1.460408847381656008e-02
6.476913425134568636e-02,1.396737305288370430e-02
5.871627065939083456e-02,1.335247935029260265e-02
5.655105954514745570e-02,1.282195555741241950e-02
5.295078957519910867e-02,1.234171397111434587e-02
4.860105609484811212e-02,1.185918971889583264e-02
4.565880309297208617e-02,1.141422074024965941e-02
4.267778548759293411e-02,1.102595691732008269e-02
4.057226851046837057e-02,1.064520043677981594e-02
3.787010294404846711e-02,1.029999771699459388e-02
3.529769102957912991e-02,9.977180364658463571e-03
3.406796506489406101e-02,9.673605662022173243e-03
3.206037016629362246e-02,9.384726849092773007e-03
3.046891832800947136e-02,9.108575933989995418e-03
2.861645323651898498e-02,8.851016945281179465e-03
2.710129394754509299e-02,8.599892741236883978e-03
2.595001485123256055e-02,8.371524527341772659e-03
2.471381699111246597e-02,8.163993324920555336e-03
2.335836803536038217e-02,7.960188675906790592e-03
-2.538798497944680932e-01,inf
-1.792915992603045794e+00,2.208931407724491758e-01
-1.134376271368323197e+00,1.336894061862489436e-01
-6.762275349513914291e-01,8.914712941091136600e-02
-4.555048500525714084e-01,6.796721749124409739e-02
-2.917571329531893909e-01,5.810032699630331837e-02
-2.111089771323617081e-01,4.845524426706453863e-02
-1.365214278462639208e-01,4.213679012450501082e-02
-9.317852546820119819e-02,3.672720423574174498e-02
-6.586299847170253019e-02,3.275915044913867147e-02
-4.297532160585756933e-02,3.020753599830050887e-02
-2.214900774873362899e-02,2.742607874063171525e-02
-9.212305484470967309e-03,2.507836419979200815e-02
-3.337681763647662361e-03,2.318815547301850480e-02
1.852663244838199464e-03,2.169486763848259281e-02
3.079775289920240466e-03,2.034194290004723987e-02
1.091431449310972628e-02,1.900398037299969728e-02
1.100566578991107880e-02,1.790767381837355884e-02
1.333233914177601315e-02,1.696479658052190559e-02
1.456663385474498383e-02,1.610899864804743453e-02
1.237146300330973364e-02,1.532003951166620477e-02
1.487888741033475438e-02,1.462469340777423042e-02
1.353413076760581583e-02,1.399316246606701133e-02
1.210642078817763222e-02,1.338555826273709129e-02
1.319265478875817320e-02,1.284637692676681396e-02
1.169874620989151508e-02,1.232150737297589907e-02
1.239755398920557548e-02,1.185104432522003474e-02
1.117520166686952407e-02,1.143204896007878231e-02
1.081403121911750191e-02,1.102191750355680303e-02
1.138408727662355152e-02,1.065040756874918032e-02
1.025407861634209869e-02,1.028993077800497390e-02
9.988748064964818665e-03,9.968274194009878533e-03
9.840890612857897818e-03,9.678339222533558633e-03
9.930580710041499171e-03,9.379676099768261346e-03
9.529060666404048918e-03,9.104563269490700134e-03
9.029368744469032718e-03,8.843976812214977487e-03
8.990885690973525468e-03,8.609678280405357736e-03
8.437167216614157791e-03,8.379679044587539510e-03
8.276893496919769666e-03,8.154015125741246109e-03
7.852357000543807100e-03,7.945536941686084584e-03
6.628757717758113621e-01,inf
-2.202599137689013276e+00,2.265570674589220679e-01
-1.343018024055336435e+00,1.193866899599712178e-01
-9.975157900821745027e-01,9.193689925458781165e-02
-7.248166628166373693e-01,7.078591687486641970e-02
-5.355992057320405619e-01,5.794424223868264306e-02
-4.170217060960758060e-01,4.713939248980429653e-02
-3.297701426750740961e-01,4.118230492382531777e-02
-2.783629364779751647e-01,3.661240518314322345e-02
-2.252350408911547586e-01,3.312770882507935777e-02
-1.872164419034354488e-01,3.006764198805744401e-02
-1.567505341664976459e-01,2.734790410577601222e-02
-1.345563959100905815e-01,2.529145951709854678e-02
-1.089984580676463255e-01,2.317408427370952831e-02
-9.847964591623352415e-02,2.161254051883703536e-02
-8.230064250542501458e-02,2.020452959702324913e-02
-7.242529435213861111e-02,1.900388146301728101e-02
-6.369508255689811105e-02,1.795822290114779812e-02
-5.472802913612139636e-02,1.697867396668754220e-02
-5.009209215816685240e-02,1.611494937965308669e-02
-4.335762795632425171e-02,1.530478296244540577e-02
-3.929438456976553501e-02,1.462691652236265509e-02
-3.429951377315317018e-02,1.396297634937294224e-02
-3.206457007842112433e-02,1.336917563444683238e-02
-2.970509843338946590e-02,1.281783948529969901e-02
-2.655401789678674823e-02,1.232966847469413145e-02
-2.475173079588275510e-02,1.186644292609380195e-02
-2.109993642680092069e-02,1.141587452274204356e-02
-2.041773784248445897e-02,1.100426595930621178e-02
-1.834363242009481171e-02,1.063542861936842172e-02
-1.741544805623270950e-02,1.029483289527791980e-02
-1.574023701899712746e-02,9.975806984615814485e-03
-1.431354901670521887e-02,9.664488940798982713e-03
-1.364499668227901925e-02,9.374541913271999816e-03
-1.248739025158637599e-02,9.111477973569950123e-03
-1.140808075619282810e-02,8.843018009046190245e-03
-1.111191563204903289e-02,8.604939193701631808e-03
-1.005550849939905109e-02,8.374840367356067156e-03
-9.588697678375694353e-03,8.158120539409509722e-03
-8.880733479631069266e-03,7.953001180650074234e-03
6.628757717758110291e-01,inf
nan,nan
-1.726525331959771092e+00,1.580373690079311388e-01
-1.039356223435450977e+00,9.675465118158922684e-02
-7.873515109693178804e-01,7.386316940019285737e-02
-5.918080670319151304e-01,5.724280064521225508e-02
-5.011394830726217942e-01,4.972899416485968005e-02
-4.092266325950393857e-01,4.242965177536753285e-02
-3.470790837491800618e-01,3.758733849113780195e-02
-2.910966351915216799e-01,3.316741783896302170e-02
-2.481333556434101584e-01,3.003447798703795871e-02
-2.179593674888525012e-01,2.755101951148026737e-02
-1.872415210842665878e-01,2.524864828331596645e-02
-1.657881183685505355e-01,2.338498659374352306e-02
-1.439673159517067813e-01,2.165505551478439858e-02
-1.291961870431695414e-01,2.034611957327025350e-02
-1.137681313401390365e-01,1.909489592587792703e-02
-1.030748754050017646e-01,1.800344736913944699e-02
-9.159210000180155464e-02,1.699393691494274425e-02
-8.359090207967673214e-02,1.615434812867267908e-02
-7.522609642497234128e-02,1.532472068397993173e-02
-6.819010525537196055e-02,1.459456109169923396e-02
-6.261859546518189212e-02,1.395437563244413849e-02
-5.708288146180982153e-02,1.336059682885125215e-02
-5.299026170683424075e-02,1.283609639958036182e-02
-4.859434897584648944e-02,1.232183773322645046e-02
-4.522308000998254141e-02,1.186409390821526605e-02
-4.140274791198369359e-02,1.144171042605336350e-02
-3.908681274953928336e-02,1.104584694227796204e-02
-3.603620700727803994e-02,1.065800358735668335e-02
-3.385123143339958951e-02,1.030903391233843960e-02
-3.153345893936087413e-02,9.965454757047449361e-03
-2.931618233128966897e-02,9.663532021303841354e-03
-2.783394684566328423e-02,9.378683003078201394e-03
-2.594864880937514107e-02,9.105767264823124221e-03
-2.469269321144999807e-02,8.848863259453569954e-03
-2.303839892590055921e-02,8.609230491405425734e-03
-2.207568210702965869e-02,8.383547259389062187e-03
-2.056114322359127097e-02,8.169232516560039764e-03
-1.981795594274717368e-02,7.958661083202896516e-03
1.489801516098631096e-01,inf
-1.646544834422528414e+00,2.658898916705406679e-01
-1.007481343221986902e+00,1.419118704183434942e-01
-7.564608324164063813e-01,8.977044059445023205e-02
-5.663611772149290680e-01,7.289635681843240067e-02
-4.799366307004984122e-01,5.812456535516127842e-02
-4.044157903634351681e-01,4.938549195417826082e-02
-3.438406266809070355e-01,4.201589888024249986e-02
-2.962975301025613240e-01,3.752495006015499346e-02
-2.607581498239839313e-01,3.338279625395379480e-02
-2.218768515593558810e-01,3.006192390938403763e-02
-1.991841782519566117e-01,2.745288993448828999e-02
-1.721984750732782621e-01,2.525751456859491248e-02
-1.570497216538328522e-01,2.347123802094135472e-02
-1.374248943494857655e-01,2.169002985577302839e-02
-1.239632088156683853e-01,2.032057077068303089e-02
-1.100540432750719833e-01,1.904324593103741761e-02
-1.005256819357266407e-01,1.799605707066921981e-02
-9.076167814628781361e-02,1.701527470958618185e-02
-8.318321039225622104e-02,1.614801833256243949e-02
-7.536314367199346831e-02,1.530649678259506791e-02
-6.878956015206388885e-02,1.459570446318503821e-02
-6.378174575371274579e-02,1.397117399136672995e-02
-5.855708033594089063e-02,1.336433521681115212e-02
-5.441939051304708896e-02,1.282721967592421325e-02
-5.023161883033328001e-02,1.232361625269885394e-02
-4.702518580923228247e-02,1.187596506641334752e-02
-4.347340320287929050e-02,1.144474833154360272e-02
-4.090655468659296079e-02,1.104125173325168699e-02
-3.798386536864461344e-02,1.064782745774243977e-02
-3.573548426423096142e-02,1.030773019898212003e-02
-3.350387876940490173e-02,9.970253039415359966e-03
-3.139741931781078049e-02,9.662871619204916468e-03
-2.970976072240584520e-02,9.373575687277207677e-03
-2.792655522114604119e-02,9.105670213055753331e-03
-2.654990771629980179e-02,8.853028224055422418e-03
-2.501606678926690530e-02,8.609546787743010618e-03
-2.382649330498550280e-02,8.380543620281080686e-03
-2.246938333196708826e-02,8.169361930588814324e-03
-2.151879704102320143e-02,7.962208696100951319e-03
6.628757717758115842e-01,inf
-4.370886207511379684e-01,2.265570674589224009e-01
-3.168957541203864525e-01,1.193866899599712733e-01
-3.157228933551590733e-01,9.193689925458786716e-02
-2.654958837572222730e-01,7.078591687486647521e-02
-1.996883810055864183e-01,5.794424223868266388e-02
-2.086950007901549053e-01,4.713939248980430347e-02
-1.771440270583503063e-01,4.118230492382532471e-02
-1.706846752900339770e-01,3.661240518314327896e-02
-1.453726536890994347e-01,3.312770882507936471e-02
-1.304615907719116896e-01,3.006764198805746482e-02
-1.174562656883494510e-01,2.734790410577601569e-02
-1.071585665459488940e-01,2.529145951709856413e-02
-9.211972917575675379e-02,2.317408427370953178e-02
-8.760486622158604464e-02,2.161254051883703189e-02
-7.688126859747558550e-02,2.020452959702327342e-02
-7.058683510264474048e-02,1.900388146301727754e-02
-6.461548427882909951e-02,1.795822290114781547e-02
-5.812549381376490992e-02,1.697867396668756648e-02
-5.458530162393333135e-02,1.611494937965309016e-02
-4.930835359410802587e-02,1.530478296244542832e-02
-4.593988034254729153e-02,1.462691652236266203e-02
-4.181083776302645105e-02,1.396297634937294918e-02
-3.959161920554914865e-02,1.336917563444682197e-02
-3.726291183910659249e-02,1.281783948529971809e-02
-3.443260127687654271e-02,1.232966847469412972e-02
-3.251735716448134195e-02,1.186644292609381410e-02
-2.934845082237771269e-02,1.141587452274204877e-02
-2.822840832769183544e-02,1.100426595930621351e-02
-2.621280487582759722e-02,1.063542861936841305e-02
-2.500624236230031619e-02,1.029483289527791459e-02
-2.333006643110096048e-02,9.975806984615817954e-03
-2.183721773503151040e-02,9.664488940798989652e-03
-2.086632154774161266e-02,9.374541913271996346e-03
-1.962636691785078422e-02,9.111477973569955327e-03
-1.843422388780429841e-02,8.843018009046193714e-03
-1.779057402387806269e-02,8.604939193701640482e-03
-1.668392957070389052e-02,8.374840367356063686e-03
-1.597574178332518413e-02,8.158120539409516661e-03
-1.513909597133076754e-02,7.953001180650084642e-03
5.867412692562400389e-01,inf
1.039177054554602186e+00,2.208931407724491758e-01
4.652402243584708441e-01,1.336894061862489158e-01
1.950561831212777042e-01,8.914712941091133824e-02
7.473013756158651544e-02,6.796721749124408352e-02
6.788407826190037686e-02,5.810032699630332531e-02
1.811694714560967492e-02,4.845524426706447618e-02
7.185022746068418960e-03,4.213679012450496919e-02
-6.619620595708478744e-03,3.672720423574172416e-02
-1.469751966098801522e-02,3.275915044913866453e-02
-1.562930890156401936e-02,3.020753599830047764e-02
-1.486012503330049958e-02,2.742607874063170484e-02
-1.454719390199561008e-02,2.507836419979197345e-02
-1.594612630469856643e-02,2.318815547301845623e-02
-1.579699149013066156e-02,2.169486763848257546e-02
-1.698321826645583441e-02,2.034194290004722599e-02
-1.336912621381655501e-02,1.900398037299968340e-02
-1.362154253827245996e-02,1.790767381837355884e-02
-1.233158242662194676e-02,1.696479658052189518e-02
-1.132858079701249722e-02,1.610899864804743800e-02
-1.228511317477672810e-02,1.532003951166620477e-02
-1.022318929382762948e-02,1.462469340777423563e-02
-1.045948299504378780e-02,1.399316246606700960e-02
-1.069826682133750290e-02,1.338555826273708955e-02
-9.358836245308787757e-03,1.284637692676680182e-02
-9.583386892415491493e-03,1.232150737297588693e-02
-8.461880679844562339e-03,1.185104432522001913e-02
-8.584140560857777408e-03,1.143204896007877364e-02
-8.158445933676041276e-03,1.102191750355679956e-02
-7.186835866770929261e-03,1.065040756874918552e-02
-7.285653597747297414e-03,1.028993077800497390e-02
-6.892748515421084909e-03,9.968274194009875064e-03
-6.468432955561922645e-03,9.678339222533574246e-03
-5.876417466152074505e-03,9.379676099768268285e-03
-5.631770812707265553e-03,9.104563269490686256e-03
-5.473004486277862658e-03,8.843976812214961875e-03
-5.064247015286365075e-03,8.609678280405347328e-03
-4.988901424296358911e-03,8.379679044587534306e-03
-4.675917871130784616e-03,8.154015125741233966e-03
-4.561793154769986508e-03,7.945536941686093257e-03
6.628757717758116952e-01,inf
1.484990954366251614e+00,1.732495221744699276e-01
1.245575514678660678e+00,1.380279261064117358e-01
6.455773844850978271e-01,9.095599914159664678e-02
4.469492905552194251e-01,7.035403636665986393e-02
2.729529907528770449e-01,5.566569520488646311e-02
2.361084005584686840e-01,4.752479357547242933e-02
1.714519965070804841e-01,4.156221731362951671e-02
1.485490944237270461e-01,3.691025292072643710e-02
1.192383333733723072e-01,3.337222777591099948e-02
9.640712446978771943e-02,3.005237468816655821e-02
8.130253182854614569e-02,2.722668206354619466e-02
7.034495465913068180e-02,2.534562844951173191e-02
5.880787596924164085e-02,2.338460921564670600e-02
5.088610564263729846e-02,2.161608165944425494e-02
4.233128736449146001e-02,2.025724055592621059e-02
3.992158536299617727e-02,1.907305704641961905e-02
3.647275672914267880e-02,1.794526866755841166e-02
3.040848815475518177e-02,1.696254357663868131e-02
2.913813433415979315e-02,1.615169730480962851e-02
2.458080380941810375e-02,1.535631431821634328e-02
2.352001391547210371e-02,1.460408847381654794e-02
2.065142458346104840e-02,1.396737305288370083e-02
1.790006049003725619e-02,1.335247935029260438e-02
1.749453978612746166e-02,1.282195555741242991e-02
1.616415186735678175e-02,1.234171397111433720e-02
1.429867589230890065e-02,1.185918971889582396e-02
1.335119594381025884e-02,1.141422074024966114e-02
1.221061360757921821e-02,1.102595691732008269e-02
1.166873535919981178e-02,1.064520043677982461e-02
1.064439613400138332e-02,1.029999771699459214e-02
9.621284251264702533e-03,9.977180364658473979e-03
9.549257469525875008e-03,9.673605662022173243e-03
8.817343072460707629e-03,9.384726849092778211e-03
8.399775042945617498e-03,9.108575933989998888e-03
7.697929929035501363e-03,8.851016945281174261e-03
7.227057506948231930e-03,8.599892741236871835e-03
6.967950384601941972e-03,8.371524527341779598e-03
6.598158206878511518e-03,8.163993324920555336e-03
6.089161012732835672e-03,7.960188675906783654e-03
6.628757717758119172e-01,inf
nan,nan
9.839071363651049618e-01,9.817472923219963676e-02
9.287992064788405111e-01,9.476716358342725244e-02
6.806748501856096922e-01,7.361415046799957285e-02
4.713292665022749683e-01,5.869063521094543961e-02
3.800970450600049122e-01,4.975340281234831574e-02
2.943828160865043508e-01,4.220697495744626243e-02
2.439311499831746388e-01,3.761727819585633514e-02
2.062841683767772938e-01,3.353951738395138937e-02
1.700399251516004351e-01,3.007901501471434494e-02
1.465073142581212462e-01,2.757144527879822060e-02
1.258555661331088871e-01,2.524106149515719516e-02
1.087577539677629240e-01,2.340705441385916921e-02
9.685627534352096724e-02,2.181718354584661484e-02
8.352644194808400702e-02,2.033584334835008417e-02
7.531484170521118848e-02,1.912378676998995053e-02
6.801604555105704442e-02,1.802224665114127156e-02
6.068877299856635654e-02,1.706943844717034517e-02
5.442072641658492194e-02,1.619988198879870889e-02
4.970080271797570892e-02,1.535748636430820172e-02
4.462499688589621760e-02,1.466016277666676478e-02
4.183687274081392127e-02,1.401151001146390927e-02
3.707738737172412008e-02,1.341591386597035251e-02
3.531115870664190692e-02,1.286993110259718361e-02
3.175874231377499163e-02,1.234848754405922476e-02
2.998766406250553615e-02,1.188095330477007168e-02
2.740520568466314408e-02,1.145024452238053818e-02
2.587956891977380783e-02,1.104705652570397295e-02
2.361949544852513100e-02,1.067275771436907751e-02
2.267226896887953799e-02,1.031925306374737589e-02
2.056353888598737301e-02,9.992374985795960535e-03
1.997151187443433132e-02,9.679735723050550064e-03
1.828055147501078323e-02,9.387581999689439613e-03
1.757827158097478165e-02,9.124901692195720379e-03
1.626454734168914992e-02,8.859151307554834903e-03
1.563708666531017644e-02,8.622303408603320882e-03
1.455815802507663854e-02,8.391478176699645325e-03
1.400536290806347027e-02,8.172412091498585177e-03
1.303140094189438741e-02,7.963411294789106420e-03
1.898797438079973254e+00,inf
3.300069892093465906e+00,2.556633573755197619e-01
1.716658771671934369e+00,1.327640683579433822e-01
1.111952754150316247e+00,9.543882396507520627e-02
7.745323456998236544e-01,7.393023989304885191e-02
5.548819333749051008e-01,5.896021908375720377e-02
4.337146280150080413e-01,4.991773237324990953e-02
3.373753532622560947e-01,4.246842315733562884e-02
2.778953929653864008e-01,3.771731307042349574e-02
2.307587193129930492e-01,3.361029680938612541e-02
1.916189091363458830e-01,3.018819479684071994e-02
1.638790994307768589e-01,2.762220345946362829e-02
1.403324919446504171e-01,2.530704557257887344e-02
1.214250699291856139e-01,2.344512249284977368e-02
1.070409462977517240e-01,2.184799558118301691e-02
9.299768123559798427e-02,2.036540900836501453e-02
8.310902462120411949e-02,1.914836049608131460e-02
7.445546921287717057e-02,1.804279521735016947e-02
6.657676578216741026e-02,1.708423739758764201e-02
5.978209515732627738e-02,1.620959394605073906e-02
5.421235644427335049e-02,1.537307057146090027e-02
4.890845408980166314e-02,1.466991388239748118e-02
4.527306870811705075e-02,1.402132369688270652e-02
4.063380196868894567e-02,1.342227929478606759e-02
3.808633397277991911e-02,1.287691285369488639e-02
3.454768721681106963e-02,1.235466031618711116e-02
3.230209388157183337e-02,1.188768646763182883e-02
2.966046329274406312e-02,1.145516971133544656e-02
2.779619100631808629e-02,1.105235116137081620e-02
2.554468348282488976e-02,1.067651783527655794e-02
2.423485030856452338e-02,1.032388666127757697e-02
2.221004395964457784e-02,9.995426845830875789e-03
2.127697887028528675e-02,9.683854572528431334e-03
1.963104552807207193e-02,9.390752434903665638e-03
1.872149418210343474e-02,9.127721434109120277e-03
1.741517763598635082e-02,8.861733938641286334e-03
1.662101637934245910e-02,8.624809028664894017e-03
1.554796435278887716e-02,8.393341769915668021e-03
1.485653371228247248e-02,8.174637743344191979e-03
1.390011892171693839e-02,7.965088389643775954e-03
6.628757717758123613e-01,inf
2.419516201927560672e+00,1.732495221744699831e-01
1.804132455417823744e+00,1.380279261064117080e-01
9.791898406254974097e-01,9.095599914159670230e-02
6.552942283108558197e-01,7.035403636665997495e-02
4.250019616801266609e-01,5.566569520488640760e-02
3.417344514897789343e-01,4.752479357547242239e-02
2.561771384585017075e-01,4.156221731362950284e-02
2.138594824214149204e-01,3.691025292072644404e-02
1.724786657505069098e-01,3.337222777591102724e-02
1.390841478282325849e-01,3.005237468816655821e-02
1.159709204124604737e-01,2.722668206354618078e-02
9.938411917792873418e-02,2.534562844951172497e-02
8.308466326339319918e-02,2.338460921564671294e-02
7.087792644730919744e-02,2.161608165944425494e-02
5.949838886229374263e-02,2.025724055592618977e-02
5.472396852023729552e-02,1.907305704641958435e-02
4.883949926024360594e-02,1.794526866755841860e-02
4.128296451578609971e-02,1.696254357663867091e-02
3.853721885571095851e-02,1.615169730480964239e-02
3.277765715608817881e-02,1.535631431821633808e-02
3.069028601366061496e-02,1.460408847381656008e-02
2.692456888825782435e-02,1.396737305288369042e-02
2.337250576005244634e-02,1.335247935029260785e-02
2.238838436849700797e-02,1.282195555741242124e-02
2.049501989538907859e-02,1.234171397111435108e-02
1.813849917380766161e-02,1.185918971889583437e-02
1.673414166983056353e-02,1.141422074024965941e-02
1.523744815138604151e-02,1.102595691732007402e-02
1.441051584797571443e-02,1.064520043677981767e-02
1.307568522777359347e-02,1.029999771699459388e-02
1.178775070458679304e-02,9.977180364658463571e-03
1.152652950585888840e-02,9.673605662022168039e-03
1.060950199984313919e-02,9.384726849092755660e-03
1.001158802590925573e-02,9.108575933989991949e-03
9.139481539008309854e-03,8.851016945281188139e-03
8.522909377661661012e-03,8.599892741236883978e-03
8.160354056867064748e-03,8.371524527341774394e-03
7.676738060482410538e-03,8.163993324920558806e-03
7.055965814157959780e-03,7.960188675906788858e-03
1.313504246079907123e+00,inf
2.637832256057666580e+00,2.208931407724494256e-01
1.325465200591363635e+00,1.336894061862489436e-01
6.393099097709146195e-01,8.914712941091129661e-02
3.399004248293101549e-01,6.796721749124409739e-02
2.550217855199876094e-01,5.810032699630334613e-02
1.456570352000822188e-01,4.845524426706449700e-02
9.911885456578378717e-02,4.213679012450501776e-02
5.887650234896878165e-02,3.672720423574173804e-02
3.356268850017533889e-02,3.275915044913867841e-02
2.205119233901041073e-02,3.020753599830049846e-02
1.344790364260938821e-02,2.742607874063171178e-02
7.122300489370118892e-03,2.507836419979198733e-02
1.580296715934202949e-04,2.318815547301850827e-02
-3.463719991416405221e-03,2.169486763848258934e-02
-8.205294643638819455e-03,2.034194290004725028e-02
-6.525464389143113483e-03,1.900398037299967993e-02
-8.669541801736175071e-03,1.790767381837354844e-02
-8.797637261163093400e-03,1.696479658052190559e-02
-8.753969591711652232e-03,1.610899864804742759e-02
-1.128609768389324253e-02,1.532003951166618916e-02
-9.420929729331258343e-03,1.462469340777423389e-02
-1.052353196527048597e-02,1.399316246606700613e-02
-1.166334777527558778e-02,1.338555826273708609e-02
-1.037815771613048547e-02,1.284637692676681570e-02
-1.124975530032288305e-02,1.232150737297589560e-02
-1.006134799403569924e-02,1.185104432522003128e-02
-1.060944271889641480e-02,1.143204896007878578e-02
-1.033490159122015493e-02,1.102191750355680996e-02
-9.237470998501478778e-03,1.065040756874918379e-02
-9.633568726966842966e-03,1.028993077800497043e-02
-9.243842187103374838e-03,9.968274194009883737e-03
-8.830622344847927768e-03,9.678339222533556899e-03
-8.161304734088836027e-03,9.379676099768266551e-03
-7.919486144734182859e-03,9.104563269490703603e-03
-7.818555489565375688e-03,8.843976812214970548e-03
-7.314154707904976620e-03,8.609678280405357736e-03
-7.319700159082753212e-03,8.379679044587532571e-03
-6.940692796076401022e-03,8.154015125741242639e-03
-6.835049917582933406e-03,7.945536941686074175e-03
6.628757717758119172e-01,inf
1.713541724018809553e+00,2.265570674589218736e-01
4.881382527677660677e-01,1.193866899599712733e-01
1.189251036272660350e-01,9.193689925458782553e-02
-3.648690809965234039e-02,7.078591687486636419e-02
-5.793166090085975078e-02,5.794424223868264306e-02
-1.503569049252506395e-01,4.713939248980430347e-02
-1.450596665163864929e-01,4.118230492382528307e-02
-1.666337132543318500e-01,3.661240518314320264e-02
-1.479688291803596678e-01,3.312770882507933695e-02
-1.417803427295749596e-01,3.006764198805742319e-02
-1.352097124840001552e-01,2.734790410577602610e-02
-1.289662890680978724e-01,2.529145951709853637e-02
-1.135219078043844254e-01,2.317408427370951096e-02
-1.134963999059856871e-01,2.161254051883701455e-02
-1.008398049756191045e-01,2.020452959702323872e-02
-9.495127980753527430e-02,1.900388146301725326e-02
-8.875133239919344441e-02,1.795822290114778425e-02
-8.093838291620915337e-02,1.697867396668754220e-02
-7.782658815651598283e-02,1.611494937965309363e-02
-7.097935683756222136e-02,1.530478296244540404e-02
-6.716913224998520560e-02,1.462691652236264121e-02
-6.172223751106376000e-02,1.396297634937296479e-02
-5.944017764409143673e-02,1.336917563444682544e-02
-5.677665484638874660e-02,1.281783948529970421e-02
-5.286234248901287153e-02,1.232966847469412972e-02
-5.057499307232635188e-02,1.186644292609379675e-02
-4.555811036374010636e-02,1.141587452274204356e-02
-4.466950741063533542e-02,1.100426595930621004e-02
-4.154668112282558501e-02,1.063542861936840958e-02
-4.020789298035412629e-02,1.029483289527791286e-02
-3.756241913062215859e-02,9.975806984615814485e-03
-3.538644450350218740e-02,9.664488940798965366e-03
-3.411410960940064463e-02,9.374541913271996346e-03
-3.223958236235879848e-02,9.111477973569939715e-03
-3.041536560133391298e-02,8.843018009046185041e-03
-2.963815608530941462e-02,8.604939193701628339e-03
-2.785402804291728027e-02,8.374840367356072360e-03
-2.682671507271898112e-02,8.158120539409509722e-03
-2.553014714154830042e-02,7.953001180650070764e-03
6.628757717758131385e-01,inf
nan,nan
2.625462240174408213e-01,1.580373690079311944e-01
-4.169726187314597987e-01,9.675465118158919908e-02
-4.380973660939982417e-01,7.386316940019282962e-02
-4.582508708602427983e-01,5.724280064521223427e-02
-4.389314585935553126e-01,4.972899416485967311e-02
-4.314400675799565099e-01,4.242965177536753979e-02
-3.969359979928470672e-01,3.758733849113779502e-02
-3.637218274731715550e-01,3.316741783896303558e-02
-3.156931136872919152e-01,3.003447798703795524e-02
-3.050080439069208782e-01,2.755101951148027431e-02
-2.684297909154496065e-01,2.524864828331598379e-02
-2.521617542733935458e-01,2.338498659374351266e-02
-2.244890545471573684e-01,2.165505551478440552e-02
-2.076338371543649530e-01,2.034611957327027779e-02
-1.875954142082225384e-01,1.909489592587792703e-02
-1.756368302074158005e-01,1.800344736913945740e-02
-1.593753091835675428e-01,1.699393691494275466e-02
-1.482818751857228057e-01,1.615434812867267908e-02
-1.368482889197748242e-01,1.532472068397995081e-02
-1.259270768841095900e-01,1.459456109169924437e-02
-1.182319971529975783e-01,1.395437563244414890e-02
-1.088208901361320813e-01,1.336059682885125215e-02
-1.033364462630843444e-01,1.283609639958035661e-02
-9.582681810778388709e-02,1.232183773322644525e-02
-9.071990934412582641e-02,1.186409390821526778e-02
-8.351059491054053929e-02,1.144171042605337391e-02
-8.040274704766992020e-02,1.104584694227795337e-02
-7.486988474352224143e-02,1.065800358735668855e-02
-7.106301853682164826e-02,1.030903391233843787e-02
-6.706486577880425848e-02,9.965454757047456300e-03
-6.259988099347986445e-02,9.663532021303865641e-03
-6.036844634445534541e-02,9.378683003078215272e-03
-5.653812149176835194e-02,9.105767264823124221e-03
-5.451093080154949255e-02,8.848863259453557811e-03
-5.101212060758564953e-02,8.609230491405432673e-03
-4.952127646623754459e-02,8.383547259389055248e-03
-4.628735500412093501e-02,8.169232516560039764e-03
-4.511245829913269889e-02,7.958661083202896516e-03
1.612593558685803785e+00,inf
7.502414633195457760e-01,2.658898916705404458e-01
-9.836371558597160059e-01,1.419118704183433832e-01
-9.382141630122078357e-01,8.977044059445019042e-02
-1.029300185920195787e+00,7.289635681843228965e-02
-8.805221340029391053e-01,5.812456535516125761e-02
-8.053701501485630576e-01,4.938549195417826082e-02
-7.034914753819162536e-01,4.201589888024251374e-02
-6.467740117160269975e-01,3.752495006015497264e-02
-5.624346342944099852e-01,3.338279625395379480e-02
-5.087300229127664775e-01,3.006192390938405845e-02
-4.476956450544523070e-01,2.745288993448829692e-02
-4.098580188224142384e-01,2.525751456859491942e-02
-3.628673473548439388e-01,2.347123802094135125e-02
-3.266070019865773832e-01,2.169002985577304574e-02
-2.965799972063241086e-01,2.032057077068303436e-02
-2.698950115618427015e-01,1.904324593103741414e-02
-2.470183024687484796e-01,1.799605707066923022e-02
-2.251347308615616882e-01,1.701527470958617144e-02
-2.066415183629097541e-01,1.614801833256243949e-02
-1.892681942115107541e-01,1.530649678259505923e-02
-1.759124668043922368e-01,1.459570446318502607e-02
-1.618912575132835652e-01,1.397117399136674036e-02
-1.506000234859750653e-01,1.336433521681115212e-02
-1.395702528931009878e-01,1.282721967592422366e-02
-1.308921961935326506e-01,1.232361625269885914e-02
-1.216856066180559415e-01,1.187596506641335099e-02
-1.146788924033025070e-01,1.144474833154359578e-02
-1.067729844442553283e-01,1.104125173325169393e-02
-1.003004220108771605e-01,1.064782745774243110e-02
-9.477390119037813754e-02,1.030773019898211310e-02
-8.877612492716946413e-02,9.970253039415366905e-03
-8.437353404616272645e-02,9.662871619204925142e-03
-7.920497348240260194e-02,9.373575687277199003e-03
-7.568433962362881851e-02,9.105670213055756801e-03
-7.117152179298426307e-02,8.853028224055418949e-03
-6.805033171170346562e-02,8.609546787743001944e-03
-6.422109601019987402e-02,8.380543620281084155e-03
-6.181833151733395759e-02,8.169361930588816059e-03
-5.828864507847799498e-02,7.962208696100937441e-03
6.628757717758126944e-01,inf
-8.780355083611007805e-01,2.265570674589222622e-01
-1.626583457601391336e+00,1.193866899599712317e-01
-1.558942705405893747e+00,9.193689925458789491e-02
-1.373347879467511135e+00,7.078591687486651685e-02
-1.230463151358851537e+00,5.794424223868268470e-02
-1.006613548740380892e+00,4.713939248980432428e-02
-8.915124443164519352e-01,4.118230492382535940e-02
-7.761417022195212789e-01,3.661240518314329284e-02
-6.935504045652074456e-01,3.312770882507937859e-02
-6.113121281143374386e-01,3.006764198805743707e-02
-5.366520315283270781e-01,2.734790410577603997e-02
-4.784696467176224877e-01,2.529145951709857454e-02
-4.208629676893023697e-01,2.317408427370954219e-02
-3.761839990397612965e-01,2.161254051883704230e-02
-3.382329577329043491e-01,2.020452959702328036e-02
-3.055380178702429284e-01,1.900388146301731224e-02
-2.774691919221067837e-01,1.795822290114780853e-02
-2.518428332459326513e-01,1.697867396668755607e-02
-2.300294283368917725e-01,1.611494937965309709e-02
-2.100677453040991627e-01,1.530478296244541098e-02
-1.935629307634464391e-01,1.462691652236264989e-02
-1.778068291990791416e-01,1.396297634937296306e-02
-1.645248771809594279e-01,1.336917563444682544e-02
-1.524372806156593652e-01,1.281783948529971462e-02
-1.416744116389225261e-01,1.232966847469414186e-02
-1.320102248675757151e-01,1.186644292609380889e-02
-1.226410443994629812e-01,1.141587452274205571e-02
-1.145612836627658976e-01,1.100426595930622045e-02
-1.074528144149364123e-01,1.063542861936841652e-02
-1.009136863681028840e-01,1.029483289527791806e-02
-9.503646111135377605e-02,9.975806984615819689e-03
-8.930719350153468183e-02,9.664488940798998326e-03
-8.436142448601269273e-02,9.374541913272006755e-03
-7.973064285134627560e-02,9.111477973569955327e-03
-7.521934153610256024e-02,8.843018009046195449e-03
-7.147474671605907881e-02,8.604939193701643951e-03
-6.769747905762570073e-02,8.374840367356072360e-03
-6.441421097442893984e-02,8.158120539409509722e-03
-6.122528316761094436e-02,7.953001180650086377e-03
5.398701991525585164e-01,inf
-1.400175351414322700e+00,2.208931407724490648e-01
-2.135807596901374339e+00,1.336894061862488048e-01
-1.801493518696064111e+00,8.914712941091136600e-02
-1.498649513570680991e+00,6.796721749124404188e-02
-1.311952267235294345e+00,5.810032699630329756e-02
-1.097921656910854304e+00,4.845524426706450394e-02
-9.332524823216187260e-01,4.213679012450494837e-02
-7.868294177592601857e-01,3.672720423574168253e-02
-6.766902447221037065e-01,3.275915044913864371e-02
-5.973161111281228841e-01,3.020753599830049499e-02
-5.126784580541552394e-01,2.742607874063168749e-02
-4.440964556421435616e-01,2.507836419979197345e-02
-3.904354230273277548e-01,2.318815547301848745e-02
-3.477155958302056704e-01,2.169486763848258240e-02
-3.118244075822583783e-01,2.034194290004723640e-02
-2.723471227363725711e-01,1.900398037299967993e-02
-2.460602326111236415e-01,1.790767381837355884e-02
-2.209939225861576872e-01,1.696479658052190906e-02
-2.000549499432663358e-01,1.610899864804742065e-02
-1.836037254380021300e-01,1.532003951166617875e-02
-1.660032029637082684e-01,1.462469340777422175e-02
-1.534057679976774391e-01,1.399316246606699919e-02
-1.416329448208838715e-01,1.338555826273708955e-02
-1.295707484593718872e-01,1.284637692676680008e-02
-1.203986899505864738e-01,1.232150737297588693e-02
-1.107392953332104191e-01,1.185104432522002087e-02
-1.038360022641325320e-01,1.143204896007877364e-02
-9.663691519550313136e-02,1.102191750355679088e-02
-8.933819541290564936e-02,1.065040756874917512e-02
-8.411379629807129443e-02,1.028993077800497043e-02
-7.892556098427762346e-02,9.968274194009873329e-03
-7.408427204914604103e-02,9.678339222533555164e-03
-6.907010782830790008e-02,9.379676099768261346e-03
-6.514900276779143906e-02,9.104563269490700134e-03
-6.158443122144854898e-02,8.843976812214960140e-03
-5.804447207972436573e-02,8.609678280405361206e-03
-5.511739212168058344e-02,8.379679044587534306e-03
-5.202585439688559021e-02,8.154015125741237435e-03
-4.952079610232205942e-02,7.945536941686089788e-03
6.628757717758123613e-01,inf
-1.628129709586798590e+00,1.732495221744699276e-01
-2.012794661173428867e+00,1.380279261064117635e-01
-1.760201718454646347e+00,9.095599914159674393e-02
-1.396096191414726073e+00,7.035403636665993332e-02
-1.141518073858594162e+00,5.566569520488646311e-02
-8.904910765084026458e-01,4.752479357547243627e-02
-7.582199131898273992e-01,4.156221731362951671e-02
-6.099454976335311196e-01,3.691025292072643710e-02
-5.184675191315634146e-01,3.337222777591102724e-02
-4.337949032102743629e-01,3.005237468816657903e-02
-3.608498745190728552e-01,2.722668206354616344e-02
-3.110103836336020056e-01,2.534562844951174232e-02
-2.691406205799674600e-01,2.338460921564671294e-02
-2.278997533880761928e-01,2.161608165944425841e-02
-2.056372689059385861e-01,2.025724055592620018e-02
-1.751828984846808268e-01,1.907305704641960517e-02
-1.490220696356995556e-01,1.794526866755840819e-02
-1.388413251862234132e-01,1.696254357663868478e-02
-1.191459545701286094e-01,1.615169730480964586e-02
-1.115214784841072754e-01,1.535631431821633287e-02
-9.619720793311664631e-02,1.460408847381656529e-02
-8.915765780254387984e-02,1.396737305288370951e-02
-8.333120550842489094e-02,1.335247935029261306e-02
-7.307844591698393899e-02,1.282195555741242124e-02
-6.674903571136962810e-02,1.234171397111434067e-02
-6.295213074902913930e-02,1.185918971889583437e-02
-5.717637143840714059e-02,1.141422074024966288e-02
-5.352945029286667461e-02,1.102595691732007575e-02
-4.860234624620366622e-02,1.064520043677982288e-02
-4.575934912898405732e-02,1.029999771699459388e-02
-4.361110949721726249e-02,9.977180364658465306e-03
-3.900367286774154146e-02,9.673605662022166304e-03
-3.696796642046237119e-02,9.384726849092769538e-03
-3.414444159084525920e-02,9.108575933989993684e-03
-3.266588059862006455e-02,8.851016945281177731e-03
-3.070237942224427960e-02,8.599892741236883978e-03
-2.851007431397659803e-02,8.371524527341774394e-03
-2.692075876854736760e-02,8.163993324920555336e-03
-2.596021563619071645e-02,7.960188675906787123e-03
6.628757717758120283e-01,inf
nan,nan
-1.532041193350783592e+00,9.817472923219963676e-02
-1.516134432846936830e+00,9.476716358342728019e-02
-1.099679685812176233e+00,7.361415046799957285e-02
-8.568641280021770390e-01,5.869063521094546043e-02
-6.006399474859177579e-01,4.975340281234827411e-02
-4.359296680725515682e-01,4.220697495744630406e-02
-3.326350721693763779e-01,3.761727819585631433e-02
-2.277742075443340009e-01,3.353951738395139631e-02
-1.778011729959290410e-01,3.007901501471437616e-02
-1.329954710506083271e-01,2.757144527879819978e-02
-9.883988190250342365e-02,2.524106149515719516e-02
-8.087517268046091889e-02,2.340705441385916921e-02
-5.623046824878196598e-02,2.181718354584660444e-02
-5.096842760746671946e-02,2.033584334835008764e-02
-3.545618807807310313e-02,1.912378676998994359e-02
-2.341170109101348498e-02,1.802224665114126462e-02
-2.081180854087988016e-02,1.706943844717034170e-02
-1.849775811262566877e-02,1.619988198879870195e-02
-1.113902816647007084e-02,1.535748636430819651e-02
-1.227801085825879109e-02,1.466016277666677692e-02
-4.058399565850136573e-03,1.401151001146391101e-02
-9.650415024231376315e-03,1.341591386597035772e-02
-1.235681295297109657e-03,1.286993110259719054e-02
-4.681352526664270090e-03,1.234848754405922650e-02
-1.226659406537154208e-04,1.188095330477007515e-02
-1.980078750779541100e-03,1.145024452238053297e-02
1.029603398571430012e-03,1.104705652570397642e-02
-1.591454281463338489e-03,1.067275771436908272e-02
2.484258778055799515e-03,1.031925306374737762e-02
-1.202230799036723167e-03,9.992374985795958800e-03
3.131050909751087203e-03,9.679735723050551799e-03
4.345632511536565807e-04,9.387581999689434409e-03
2.663727072167386932e-03,9.124901692195729053e-03
9.332518296934199384e-04,8.859151307554829699e-03
2.696495428750341795e-03,8.622303408603313943e-03
1.217133860992384827e-03,8.391478176699650529e-03
2.706965692833810267e-03,8.172412091498581707e-03
1.117871673513322469e-03,7.963411294789101216e-03
